2012-02-10,106.56,106.56,106.56,106.56
2012-02-13,106.67,106.67,106.67,106.67
2012-02-14,106.71,106.71,106.71,106.71
2012-02-15,106.82,106.82,106.82,106.82
2012-02-16,106.82,106.82,106.82,106.82
2012-02-17,106.89,106.89,106.89,106.89
2012-02-20,107,107,107,107
2012-02-21,106.9,106.9,106.9,106.9
2012-02-22,106.8,106.8,106.8,106.8
2012-02-23,106.87,106.87,106.87,106.87
2012-02-24,106.92,106.92,106.92,106.92
2012-02-27,106.93,106.93,106.93,106.93
2012-02-28,107.05,107.05,107.05,107.05
2012-02-29,107.17,107.17,107.17,107.17
2012-03-01,107.3,107.3,107.3,107.3
2012-03-02,107.36,107.36,107.36,107.36
2012-03-05,107.35,107.35,107.35,107.35
2012-03-06,107.24,107.24,107.24,107.24
2012-03-07,107.29,107.29,107.29,107.29
2012-03-08,107.52,107.52,107.52,107.52
2012-03-09,107.73,107.73,107.73,107.73
2012-03-12,107.85,107.85,107.85,107.85
2012-03-13,107.82,107.82,107.82,107.82
2012-03-14,107.55,107.55,107.55,107.55
2012-03-15,107.54,107.54,107.54,107.54
2012-03-16,107.43,107.43,107.43,107.43
2012-03-19,107.57,107.57,107.57,107.57
2012-03-20,107.58,107.58,107.58,107.58
2012-03-21,107.39,107.39,107.39,107.39
2012-03-22,107.42,107.42,107.42,107.42
2012-03-23,107.48,107.48,107.48,107.48
2012-03-26,107.49,107.49,107.49,107.49
2012-03-27,107.48,107.48,107.48,107.48
2012-03-28,107.36,107.36,107.36,107.36
2012-03-29,107.34,107.34,107.34,107.34
2012-03-30,107.51,107.51,107.51,107.51
2012-04-02,107.55,107.55,107.55,107.55
2012-04-03,107.63,107.63,107.63,107.63
2012-04-04,107.47,107.47,107.47,107.47
2012-04-05,107.29,107.29,107.29,107.29
2012-04-10,107.3,107.3,107.3,107.3
2012-04-11,107.44,107.44,107.44,107.44
2012-04-12,107.47,107.47,107.47,107.47
2012-04-13,107.4,107.4,107.4,107.4
2012-04-16,107.34,107.34,107.34,107.34
2012-04-17,107.43,107.43,107.43,107.43
2012-04-18,107.43,107.43,107.43,107.43
2012-04-19,107.66,107.66,107.66,107.66
2012-04-20,107.72,107.72,107.72,107.72
2012-04-23,107.76,107.76,107.76,107.76
2012-04-24,107.91,107.91,107.91,107.91
2012-04-25,108.05,108.05,108.05,108.05
2012-04-26,108.12,108.12,108.12,108.12
2012-04-27,108.08,108.08,108.08,108.08
2012-04-30,108.09,108.09,108.09,108.09
2012-05-02,108.33,108.33,108.33,108.33
2012-05-04,108.5,108.5,108.5,108.5
2012-05-07,108.54,108.54,108.54,108.54
2012-05-08,108.3,108.3,108.3,108.3
2012-05-09,108.21,108.21,108.21,108.21
2012-05-10,108.2,108.2,108.2,108.2
2012-05-11,108.19,108.19,108.19,108.19
2012-05-14,107.95,107.95,107.95,107.95
2012-05-15,107.99,107.99,107.99,107.99
2012-05-16,108.05,108.05,108.05,108.05
2012-05-17,107.86,107.86,107.86,107.86
2012-05-18,107.98,107.98,107.98,107.98
2012-05-21,108.17,108.17,108.17,108.17
2012-05-22,108.19,108.19,108.19,108.19
2012-05-23,108,108,108,108
2012-05-24,108.12,108.12,108.12,108.12
2012-05-25,108.21,108.21,108.21,108.21
2012-05-28,108.27,108.27,108.27,108.27
2012-05-29,108.35,108.35,108.35,108.35
2012-05-30,108.18,108.18,108.18,108.18
2012-05-31,108.21,108.21,108.21,108.21
2012-06-01,108.33,108.33,108.33,108.33
2012-06-04,108.49,108.49,108.49,108.49
2012-06-05,108.58,108.58,108.58,108.58
2012-06-06,108.67,108.67,108.67,108.67
2012-06-08,108.78,108.78,108.78,108.78
2012-06-11,108.8,108.8,108.8,108.8
2012-06-12,108.67,108.67,108.67,108.67
2012-06-13,108.81,108.81,108.81,108.81
2012-06-14,108.86,108.86,108.86,108.86
2012-06-15,108.94,108.94,108.94,108.94
2012-06-18,108.93,108.93,108.93,108.93
2012-06-19,109.15,109.15,109.15,109.15
2012-06-20,109.26,109.26,109.26,109.26
2012-06-21,109.41,109.41,109.41,109.41
2012-06-22,109.45,109.45,109.45,109.45
2012-06-25,109.44,109.44,109.44,109.44
2012-06-26,109.39,109.39,109.39,109.39
2012-06-27,109.35,109.35,109.35,109.35
2012-06-28,109.34,109.34,109.34,109.34
2012-06-29,109.53,109.53,109.53,109.53
2012-07-02,109.57,109.57,109.57,109.57
2012-07-03,109.72,109.72,109.72,109.72
2012-07-04,109.7,109.7,109.7,109.7
2012-07-05,109.62,109.62,109.62,109.62
2012-07-06,109.54,109.54,109.54,109.54
2012-07-09,109.67,109.67,109.67,109.67
2012-07-10,109.75,109.75,109.75,109.75
2012-07-11,109.76,109.76,109.76,109.76
2012-07-12,110.15,110.15,110.15,110.15
2012-07-13,110.34,110.34,110.34,110.34
2012-07-16,110.45,110.45,110.45,110.45
2012-07-17,110.44,110.44,110.44,110.44
2012-07-18,110.7,110.7,110.7,110.7
2012-07-19,110.88,110.88,110.88,110.88
2012-07-20,110.72,110.72,110.72,110.72
2012-07-23,110.56,110.56,110.56,110.56
2012-07-24,110.3,110.3,110.3,110.3
2012-07-25,110.58,110.58,110.58,110.58
2012-07-26,110.83,110.83,110.83,110.83
2012-07-27,110.78,110.78,110.78,110.78
2012-07-30,110.83,110.83,110.83,110.83
2012-07-31,111.08,111.08,111.08,111.08
2012-08-01,111.18,111.18,111.18,111.18
2012-08-02,111.22,111.22,111.22,111.22
2012-08-03,111.55,111.55,111.55,111.55
2012-08-06,111.7,111.7,111.7,111.7
2012-08-07,111.11,111.11,111.11,111.11
2012-08-08,111.13,111.13,111.13,111.13
2012-08-09,110.89,110.89,110.89,110.89
2012-08-10,110.69,110.69,110.69,110.69
2012-08-13,110.79,110.79,110.79,110.79
2012-08-14,110.79,110.79,110.79,110.79
2012-08-16,110.85,110.85,110.85,110.85
2012-08-17,110.92,110.92,110.92,110.92
2012-08-20,111.02,111.02,111.02,111.02
2012-08-21,111.08,111.08,111.08,111.08
2012-08-22,111.09,111.09,111.09,111.09
2012-08-23,111.18,111.18,111.18,111.18
2012-08-24,111.18,111.18,111.18,111.18
2012-08-27,111.29,111.29,111.29,111.29
2012-08-28,111.36,111.36,111.36,111.36
2012-08-29,111.27,111.27,111.27,111.27
2012-08-30,111.34,111.34,111.34,111.34
2012-08-31,111.55,111.55,111.55,111.55
2012-09-03,111.68,111.68,111.68,111.68
2012-09-04,111.89,111.89,111.89,111.89
2012-09-05,111.86,111.86,111.86,111.86
2012-09-06,111.9,111.9,111.9,111.9
2012-09-07,111.86,111.86,111.86,111.86
2012-09-10,111.79,111.79,111.79,111.79
2012-09-11,111.87,111.87,111.87,111.87
2012-09-12,111.68,111.68,111.68,111.68
2012-09-13,111.76,111.76,111.76,111.76
2012-09-14,111.39,111.39,111.39,111.39
2012-09-17,111.38,111.38,111.38,111.38
2012-09-18,111.45,111.45,111.45,111.45
2012-09-19,111.49,111.49,111.49,111.49
2012-09-20,111.54,111.54,111.54,111.54
2012-09-21,111.59,111.59,111.59,111.59
2012-09-24,111.62,111.62,111.62,111.62
2012-09-25,111.69,111.69,111.69,111.69
2012-09-26,112.04,112.04,112.04,112.04
2012-09-27,112.2,112.2,112.2,112.2
2012-09-28,112.35,112.35,112.35,112.35
2012-10-01,112.31,112.31,112.31,112.31
2012-10-02,112.41,112.41,112.41,112.41
2012-10-03,112.36,112.36,112.36,112.36
2012-10-04,112.25,112.25,112.25,112.25
2012-10-05,112.54,112.54,112.54,112.54
2012-10-08,112.53,112.53,112.53,112.53
2012-10-09,112.47,112.47,112.47,112.47
2012-10-10,112.66,112.66,112.66,112.66
2012-10-11,112.8,112.8,112.8,112.8
2012-10-12,112.85,112.85,112.85,112.85
2012-10-15,112.96,112.96,112.96,112.96
2012-10-16,112.83,112.83,112.83,112.83
2012-10-17,113.02,113.02,113.02,113.02
2012-10-18,113.09,113.09,113.09,113.09
2012-10-19,113.36,113.36,113.36,113.36
2012-10-22,113.33,113.33,113.33,113.33
2012-10-23,113.31,113.31,113.31,113.31
2012-10-24,113.22,113.22,113.22,113.22
2012-10-25,113.19,113.19,113.19,113.19
2012-10-26,113.2,113.2,113.2,113.2
2012-10-29,113.16,113.16,113.16,113.16
2012-10-30,113.1,113.1,113.1,113.1
2012-10-31,113.27,113.27,113.27,113.27
2012-11-02,113.63,113.63,113.63,113.63
2012-11-05,113.88,113.88,113.88,113.88
2012-11-06,113.86,113.86,113.86,113.86
2012-11-07,114.17,114.17,114.17,114.17
2012-11-08,114.32,114.32,114.32,114.32
2012-11-09,114.64,114.64,114.64,114.64
2012-11-12,114.73,114.73,114.73,114.73
2012-11-13,114.75,114.75,114.75,114.75
2012-11-14,114.78,114.78,114.78,114.78
2012-11-15,114.7,114.7,114.7,114.7
2012-11-16,114.7,114.7,114.7,114.7
2012-11-19,114.68,114.68,114.68,114.68
2012-11-20,114.6,114.6,114.6,114.6
2012-11-21,114.69,114.69,114.69,114.69
2012-11-22,114.64,114.64,114.64,114.64
2012-11-23,114.72,114.72,114.72,114.72
2012-11-26,114.94,114.94,114.94,114.94
2012-11-27,115.15,115.15,115.15,115.15
2012-11-28,115.37,115.37,115.37,115.37
2012-11-29,115.41,115.41,115.41,115.41
2012-11-30,115.77,115.77,115.77,115.77
2012-12-03,115.66,115.66,115.66,115.66
2012-12-04,115.66,115.66,115.66,115.66
2012-12-05,115.78,115.78,115.78,115.78
2012-12-06,115.9,115.9,115.9,115.9
2012-12-07,116.23,116.23,116.23,116.23
2012-12-10,116.56,116.56,116.56,116.56
2012-12-11,116.53,116.53,116.53,116.53
2012-12-12,116.62,116.62,116.62,116.62
2012-12-13,116.46,116.46,116.46,116.46
2012-12-14,116.37,116.37,116.37,116.37
2012-12-17,116.38,116.38,116.38,116.38
2012-12-18,116.4,116.4,116.4,116.4
2012-12-19,116.49,116.49,116.49,116.49
2012-12-20,116.88,116.88,116.88,116.88
2012-12-21,117.09,117.09,117.09,117.09
2012-12-24,117.09,117.09,117.09,117.09
2012-12-27,117.18,117.18,117.18,117.18
2012-12-28,117.18,117.18,117.18,117.18
2013-01-02,117.02,117.02,117.02,117.02
2013-01-03,116.8,116.8,116.8,116.8
2013-01-04,116.69,116.69,116.69,116.69
2013-01-07,116.86,116.86,116.86,116.86
2013-01-08,117.16,117.16,117.16,117.16
2013-01-09,116.93,116.93,116.93,116.93
2013-01-10,116.68,116.68,116.68,116.68
2013-01-11,116.47,116.47,116.47,116.47
2013-01-14,116.56,116.56,116.56,116.56
2013-01-15,116.45,116.45,116.45,116.45
2013-01-16,116.34,116.34,116.34,116.34
2013-01-17,116.48,116.48,116.48,116.48
2013-01-18,116.69,116.69,116.69,116.69
2013-01-21,116.72,116.72,116.72,116.72
2013-01-22,116.72,116.72,116.72,116.72
2013-01-23,116.96,116.96,116.96,116.96
2013-01-24,117.08,117.08,117.08,117.08
2013-01-25,116.85,116.85,116.85,116.85
2013-01-28,116.7,116.7,116.7,116.7
2013-01-29,116.81,116.81,116.81,116.81
2013-01-30,116.67,116.67,116.67,116.67
2013-01-31,116.74,116.74,116.74,116.74
2013-02-01,116.68,116.68,116.68,116.68
2013-02-04,116.54,116.54,116.54,116.54
2013-02-05,116.52,116.52,116.52,116.52
2013-02-06,116.36,116.36,116.36,116.36
2013-02-07,116.28,116.28,116.28,116.28
2013-02-08,116.3,116.3,116.3,116.3
2013-02-11,116.19,116.19,116.19,116.19
2013-02-12,115.87,115.87,115.87,115.87
2013-02-13,115.96,115.96,115.96,115.96
2013-02-14,116.04,116.04,116.04,116.04
2013-02-15,116.22,116.22,116.22,116.22
2013-02-18,116.34,116.34,116.34,116.34
2013-02-19,116.32,116.32,116.32,116.32
2013-02-20,116.18,116.18,116.18,116.18
2013-02-21,116.26,116.26,116.26,116.26
2013-02-22,116.26,116.26,116.26,116.26
2013-02-25,116.18,116.18,116.18,116.18
2013-02-26,116.24,116.24,116.24,116.24
2013-02-27,116.28,116.28,116.28,116.28
2013-02-28,116.34,116.34,116.34,116.34
2013-03-01,116.4,116.4,116.4,116.4
2013-03-04,116.4,116.4,116.4,116.4
2013-03-05,116.3,116.3,116.3,116.3
2013-03-06,116.52,116.52,116.52,116.52
2013-03-07,116.57,116.57,116.57,116.57
2013-03-08,116.46,116.46,116.46,116.46
2013-03-11,116.52,116.52,116.52,116.52
2013-03-12,116.66,116.66,116.66,116.66
2013-03-13,116.82,116.82,116.82,116.82
2013-03-14,116.94,116.94,116.94,116.94
2013-03-15,117.06,117.06,117.06,117.06
2013-03-18,117.11,117.11,117.11,117.11
2013-03-19,117.03,117.03,117.03,117.03
2013-03-20,116.96,116.96,116.96,116.96
2013-03-21,116.97,116.97,116.97,116.97
2013-03-22,117.06,117.06,117.06,117.06
2013-03-25,117.16,117.16,117.16,117.16
2013-03-26,117.15,117.15,117.15,117.15
2013-03-27,117.17,117.17,117.17,117.17
2013-03-28,117.12,117.12,117.12,117.12
2013-04-02,117.24,117.24,117.24,117.24
2013-04-03,117.32,117.32,117.32,117.32
2013-04-04,117.5,117.5,117.5,117.5
2013-04-05,117.78,117.78,117.78,117.78
2013-04-08,118.03,118.03,118.03,118.03
2013-04-09,117.94,117.94,117.94,117.94
2013-04-10,118.02,118.02,118.02,118.02
2013-04-11,118.07,118.07,118.07,118.07
2013-04-12,118.15,118.15,118.15,118.15
2013-04-15,118.23,118.23,118.23,118.23
2013-04-17,118.25,118.25,118.25,118.25
2013-04-18,118.35,118.35,118.35,118.35
2013-04-19,118.38,118.38,118.38,118.38
2013-04-22,118.5,118.5,118.5,118.5
2013-04-23,118.62,118.62,118.62,118.62
2013-04-24,118.67,118.67,118.67,118.67
2013-04-25,118.73,118.73,118.73,118.73
2013-04-26,118.87,118.87,118.87,118.87
2013-04-29,119.03,119.03,119.03,119.03
2013-04-30,119.19,119.19,119.19,119.19
2013-05-02,119.49,119.49,119.49,119.49
2013-05-06,119.48,119.48,119.48,119.48
2013-05-07,119.52,119.52,119.52,119.52
2013-05-08,119.69,119.69,119.69,119.69
2013-05-09,119.82,119.82,119.82,119.82
2013-05-10,119.68,119.68,119.68,119.68
2013-05-13,119.54,119.54,119.54,119.54
2013-05-14,119.53,119.53,119.53,119.53
2013-05-15,119.42,119.42,119.42,119.42
2013-05-16,119.44,119.44,119.44,119.44
2013-05-17,119.5,119.5,119.5,119.5
2013-05-20,119.39,119.39,119.39,119.39
2013-05-21,119.3,119.3,119.3,119.3
2013-05-22,119.37,119.37,119.37,119.37
2013-05-23,119.07,119.07,119.07,119.07
2013-05-24,118.99,118.99,118.99,118.99
2013-05-27,119.01,119.01,119.01,119.01
2013-05-28,118.89,118.89,118.89,118.89
2013-05-29,118.51,118.51,118.51,118.51
2013-05-31,118.27,118.27,118.27,118.27
2013-06-03,118.21,118.21,118.21,118.21
2013-06-04,118.16,118.16,118.16,118.16
2013-06-05,117.95,117.95,117.95,117.95
2013-06-06,117.46,117.46,117.46,117.46
2013-06-07,117.41,117.41,117.41,117.41
2013-06-10,117.2,117.2,117.2,117.2
2013-06-11,116.86,116.86,116.86,116.86
2013-06-12,116.8,116.8,116.8,116.8
2013-06-13,116.94,116.94,116.94,116.94
2013-06-14,117.3,117.3,117.3,117.3
2013-06-17,117.32,117.32,117.32,117.32
2013-06-18,117.19,117.19,117.19,117.19
2013-06-19,117.18,117.18,117.18,117.18
2013-06-20,116.09,116.09,116.09,116.09
2013-06-21,115.49,115.49,115.49,115.49
2013-06-24,114.82,114.82,114.82,114.82
2013-06-25,114.8,114.8,114.8,114.8
2013-06-26,115.01,115.01,115.01,115.01
2013-06-27,115.45,115.45,115.45,115.45
2013-06-28,115.55,115.55,115.55,115.55
2013-07-01,115.72,115.72,115.72,115.72
2013-07-02,116.03,116.03,116.03,116.03
2013-07-03,116.04,116.04,116.04,116.04
2013-07-04,116.17,116.17,116.17,116.17
2013-07-05,116,116,116,116
2013-07-08,116.06,116.06,116.06,116.06
2013-07-09,116.25,116.25,116.25,116.25
2013-07-10,116.21,116.21,116.21,116.21
2013-07-11,116.43,116.43,116.43,116.43
2013-07-12,116.67,116.67,116.67,116.67
2013-07-15,116.8,116.8,116.8,116.8
2013-07-16,116.96,116.96,116.96,116.96
2013-07-17,117,117,117,117
2013-07-18,117.31,117.31,117.31,117.31
2013-07-19,117.46,117.46,117.46,117.46
2013-07-22,117.74,117.74,117.74,117.74
2013-07-23,117.63,117.63,117.63,117.63
2013-07-24,117.45,117.45,117.45,117.45
2013-07-25,117.28,117.28,117.28,117.28
2013-07-26,117.3,117.3,117.3,117.3
2013-07-29,117.29,117.29,117.29,117.29
2013-07-30,117.2,117.2,117.2,117.2
2013-07-31,117.13,117.13,117.13,117.13
2013-08-01,117.07,117.07,117.07,117.07
2013-08-02,117.19,117.19,117.19,117.19
2013-08-05,117.19,117.19,117.19,117.19
2013-08-06,117.16,117.16,117.16,117.16
2013-08-07,117.19,117.19,117.19,117.19
2013-08-08,117.27,117.27,117.27,117.27
2013-08-09,117.32,117.32,117.32,117.32
2013-08-12,117.33,117.33,117.33,117.33
2013-08-13,117.15,117.15,117.15,117.15
2013-08-14,117.06,117.06,117.06,117.06
2013-08-16,116.87,116.87,116.87,116.87
2013-08-19,116.54,116.54,116.54,116.54
2013-08-20,116.57,116.57,116.57,116.57
2013-08-21,116.36,116.36,116.36,116.36
2013-08-22,116.2,116.2,116.2,116.2
2013-08-23,116.31,116.31,116.31,116.31
2013-08-26,116.38,116.38,116.38,116.38
2013-08-27,116.39,116.39,116.39,116.39
2013-08-28,116.27,116.27,116.27,116.27
2013-08-29,116.29,116.29,116.29,116.29
2013-08-30,116.37,116.37,116.37,116.37
2013-09-02,116.34,116.34,116.34,116.34
2013-09-03,116.22,116.22,116.22,116.22
2013-09-04,116.16,116.16,116.16,116.16
2013-09-05,115.98,115.98,115.98,115.98
2013-09-06,116.05,116.05,116.05,116.05
2013-09-09,116.28,116.28,116.28,116.28
2013-09-10,116.29,116.29,116.29,116.29
2013-09-11,116.51,116.51,116.51,116.51
2013-09-12,116.64,116.64,116.64,116.64
2013-09-13,116.75,116.75,116.75,116.75
2013-09-16,117,117,117,117
2013-09-17,117.03,117.03,117.03,117.03
2013-09-18,117.2,117.2,117.2,117.2
2013-09-19,117.54,117.54,117.54,117.54
2013-09-20,117.63,117.63,117.63,117.63
2013-09-23,117.67,117.67,117.67,117.67
2013-09-24,117.7,117.7,117.7,117.7
2013-09-25,117.63,117.63,117.63,117.63
2013-09-26,117.56,117.56,117.56,117.56
2013-09-27,117.56,117.56,117.56,117.56
2013-09-30,117.5,117.5,117.5,117.5
2013-10-01,117.49,117.49,117.49,117.49
2013-10-02,117.61,117.61,117.61,117.61
2013-10-03,117.67,117.67,117.67,117.67
2013-10-04,117.74,117.74,117.74,117.74
2013-10-07,117.81,117.81,117.81,117.81
2013-10-08,117.83,117.83,117.83,117.83
2013-10-09,117.83,117.83,117.83,117.83
2013-10-10,117.92,117.92,117.92,117.92
2013-10-11,118.04,118.04,118.04,118.04
2013-10-14,118.1,118.1,118.1,118.1
2013-10-15,118.19,118.19,118.19,118.19
2013-10-16,118.26,118.26,118.26,118.26
2013-10-17,118.49,118.49,118.49,118.49
2013-10-18,118.68,118.68,118.68,118.68
2013-10-21,118.7,118.7,118.7,118.7
2013-10-22,118.85,118.85,118.85,118.85
2013-10-23,118.98,118.98,118.98,118.98
2013-10-24,119.1,119.1,119.1,119.1
2013-10-25,119.08,119.08,119.08,119.08
2013-10-28,119.14,119.14,119.14,119.14
2013-10-29,119.14,119.14,119.14,119.14
2013-10-30,119.14,119.14,119.14,119.14
2013-10-31,119.17,119.17,119.17,119.17
2013-11-04,119.07,119.07,119.07,119.07
2013-11-05,118.95,118.95,118.95,118.95
2013-11-06,118.94,118.94,118.94,118.94
2013-11-07,119.05,119.05,119.05,119.05
2013-11-08,118.91,118.91,118.91,118.91
2013-11-12,118.71,118.71,118.71,118.71
2013-11-13,118.77,118.77,118.77,118.77
2013-11-14,118.84,118.84,118.84,118.84
2013-11-15,118.89,118.89,118.89,118.89
2013-11-18,118.97,118.97,118.97,118.97
2013-11-19,118.98,118.98,118.98,118.98
2013-11-20,118.96,118.96,118.96,118.96
2013-11-21,118.95,118.95,118.95,118.95
2013-11-22,119.01,119.01,119.01,119.01
2013-11-25,119.07,119.07,119.07,119.07
2013-11-26,119.11,119.11,119.11,119.11
2013-11-27,119.06,119.06,119.06,119.06
2013-11-28,119.05,119.05,119.05,119.05
2013-11-29,119.11,119.11,119.11,119.11
2013-12-02,119.06,119.06,119.06,119.06
2013-12-03,119.13,119.13,119.13,119.13
2013-12-04,119,119,119,119
2013-12-05,118.98,118.98,118.98,118.98
2013-12-06,119.03,119.03,119.03,119.03
2013-12-09,119.14,119.14,119.14,119.14
2013-12-10,119.27,119.27,119.27,119.27
2013-12-11,119.28,119.28,119.28,119.28
2013-12-12,119.24,119.24,119.24,119.24
2013-12-13,119.26,119.26,119.26,119.26
2013-12-16,119.34,119.34,119.34,119.34
2013-12-17,119.35,119.35,119.35,119.35
2013-12-18,119.37,119.37,119.37,119.37
2013-12-19,119.38,119.38,119.38,119.38
2013-12-20,119.43,119.43,119.43,119.43
2013-12-23,119.48,119.48,119.48,119.48
2013-12-27,119.49,119.49,119.49,119.49
2013-12-30,119.5,119.5,119.5,119.5
2014-01-02,119.55,119.55,119.55,119.55
2014-01-03,119.63,119.63,119.63,119.63
2014-01-07,119.75,119.75,119.75,119.75
2014-01-08,119.81,119.81,119.81,119.81
2014-01-09,119.84,119.84,119.84,119.84
2014-01-10,119.91,119.91,119.91,119.91
2014-01-13,120,120,120,120
2014-01-14,120.02,120.02,120.02,120.02
2014-01-15,120.04,120.04,120.04,120.04
2014-01-16,120.14,120.14,120.14,120.14
2014-01-17,120.23,120.23,120.23,120.23
2014-01-20,120.25,120.25,120.25,120.25
2014-01-21,120.27,120.27,120.27,120.27
2014-01-22,120.26,120.26,120.26,120.26
2014-01-23,120.26,120.26,120.26,120.26
2014-01-24,120.14,120.14,120.14,120.14
2014-01-27,119.97,119.97,119.97,119.97
2014-01-28,119.94,119.94,119.94,119.94
2014-01-29,119.91,119.91,119.91,119.91
2014-01-30,119.85,119.85,119.85,119.85
2014-01-31,119.8,119.8,119.8,119.8
2014-02-03,119.84,119.84,119.84,119.84
2014-02-04,119.83,119.83,119.83,119.83
2014-02-05,119.91,119.91,119.91,119.91
2014-02-06,119.98,119.98,119.98,119.98
2014-02-07,120.08,120.08,120.08,120.08
2014-02-10,120.19,120.19,120.19,120.19
2014-02-11,120.21,120.21,120.21,120.21
2014-02-12,120.24,120.24,120.24,120.24
2014-02-13,120.32,120.32,120.32,120.32
2014-02-14,120.35,120.35,120.35,120.35
2014-02-17,120.36,120.36,120.36,120.36
2014-02-18,120.44,120.44,120.44,120.44
2014-02-19,120.48,120.48,120.48,120.48
2014-02-20,120.54,120.54,120.54,120.54
2014-02-21,120.63,120.63,120.63,120.63
2014-02-24,120.74,120.74,120.74,120.74
2014-02-25,120.82,120.82,120.82,120.82
2014-02-26,120.87,120.87,120.87,120.87
2014-02-27,121,121,121,121
2014-02-28,121.08,121.08,121.08,121.08
2014-03-03,121.07,121.07,121.07,121.07
2014-03-04,121.09,121.09,121.09,121.09
2014-03-05,121.19,121.19,121.19,121.19
2014-03-06,121.22,121.22,121.22,121.22
2014-03-07,121.19,121.19,121.19,121.19
2014-03-10,121.18,121.18,121.18,121.18
2014-03-11,121.18,121.18,121.18,121.18
2014-03-12,121.19,121.19,121.19,121.19
2014-03-13,121.2,121.2,121.2,121.2
2014-03-14,121.22,121.22,121.22,121.22
2014-03-17,121.22,121.22,121.22,121.22
2014-03-18,121.3,121.3,121.3,121.3
2014-03-19,121.3,121.3,121.3,121.3
2014-03-20,121.26,121.26,121.26,121.26
2014-03-21,121.27,121.27,121.27,121.27
2014-03-24,121.33,121.33,121.33,121.33
2014-03-25,121.36,121.36,121.36,121.36
2014-03-26,121.4,121.4,121.4,121.4
2014-03-27,121.45,121.45,121.45,121.45
2014-03-28,121.48,121.48,121.48,121.48
2014-03-31,121.52,121.52,121.52,121.52
2014-04-01,121.56,121.56,121.56,121.56
2014-04-02,121.57,121.57,121.57,121.57
2014-04-03,121.6,121.6,121.6,121.6
2014-04-04,121.71,121.71,121.71,121.71
2014-04-07,121.8,121.8,121.8,121.8
2014-04-08,121.8,121.8,121.8,121.8
2014-04-09,121.79,121.79,121.79,121.79
2014-04-10,121.87,121.87,121.87,121.87
2014-04-11,121.88,121.88,121.88,121.88
2014-04-14,121.87,121.87,121.87,121.87
2014-04-15,121.86,121.86,121.86,121.86
2014-04-16,121.91,121.91,121.91,121.91
2014-04-17,121.89,121.89,121.89,121.89
2014-04-22,121.91,121.91,121.91,121.91
2014-04-23,121.93,121.93,121.93,121.93
2014-04-24,121.97,121.97,121.97,121.97
2014-04-25,122.02,122.02,122.02,122.02
2014-04-28,122.04,122.04,122.04,122.04
2014-04-29,122.06,122.06,122.06,122.06
2014-04-30,122.14,122.14,122.14,122.14
2014-05-02,122.21,122.21,122.21,122.21
2014-05-05,122.26,122.26,122.26,122.26
2014-05-06,122.26,122.26,122.26,122.26
2014-05-07,122.31,122.31,122.31,122.31
2014-05-08,122.43,122.43,122.43,122.43
2014-05-09,122.48,122.48,122.48,122.48
2014-05-12,122.49,122.49,122.49,122.49
2014-05-13,122.56,122.56,122.56,122.56
2014-05-14,122.67,122.67,122.67,122.67
2014-05-15,122.73,122.73,122.73,122.73
2014-05-16,122.68,122.68,122.68,122.68
2014-05-19,122.68,122.68,122.68,122.68
2014-05-20,122.64,122.64,122.64,122.64
2014-05-21,122.65,122.65,122.65,122.65
2014-05-22,122.69,122.69,122.69,122.69
2014-05-23,122.74,122.74,122.74,122.74
2014-05-26,122.75,122.75,122.75,122.75
2014-05-27,122.8,122.8,122.8,122.8
2014-05-28,122.97,122.97,122.97,122.97
2014-05-29,122.97,122.97,122.97,122.97
2014-05-30,123.03,123.03,123.03,123.03
2014-06-02,123.06,123.06,123.06,123.06
2014-06-03,123.04,123.04,123.04,123.04
2014-06-04,123.01,123.01,123.01,123.01
2014-06-05,123.04,123.04,123.04,123.04
2014-06-06,123.22,123.22,123.22,123.22
2014-06-09,123.21,123.21,123.21,123.21
2014-06-10,123.41,123.41,123.41,123.41
2014-06-11,123.41,123.41,123.41,123.41
2014-06-12,123.41,123.41,123.41,123.41
2014-06-13,123.42,123.42,123.42,123.42
2014-06-16,123.38,123.38,123.38,123.38
2014-06-17,123.36,123.36,123.36,123.36
2014-06-18,123.37,123.37,123.37,123.37
2014-06-20,123.51,123.51,123.51,123.51
2014-06-23,123.52,123.52,123.52,123.52
2014-06-24,123.61,123.61,123.61,123.61
2014-06-25,123.66,123.66,123.66,123.66
2014-06-26,123.69,123.69,123.69,123.69
2014-06-27,123.67,123.67,123.67,123.67
2014-06-30,123.68,123.68,123.68,123.68
2014-07-01,123.63,123.63,123.63,123.63
2014-07-02,123.66,123.66,123.66,123.66
2014-07-03,123.62,123.62,123.62,123.62
2014-07-04,123.63,123.63,123.63,123.63
2014-07-07,123.66,123.66,123.66,123.66
2014-07-08,123.76,123.76,123.76,123.76
2014-07-09,123.76,123.76,123.76,123.76
2014-07-10,123.71,123.71,123.71,123.71
2014-07-11,123.69,123.69,123.69,123.69
2014-07-14,123.71,123.71,123.71,123.71
2014-07-15,123.67,123.67,123.67,123.67
2014-07-16,123.67,123.67,123.67,123.67
2014-07-17,123.66,123.66,123.66,123.66
2014-07-18,123.65,123.65,123.65,123.65
2014-07-21,123.63,123.63,123.63,123.63
2014-07-22,123.63,123.63,123.63,123.63
2014-07-23,123.75,123.75,123.75,123.75
2014-07-24,123.83,123.83,123.83,123.83
2014-07-25,123.87,123.87,123.87,123.87
2014-07-28,123.86,123.86,123.86,123.86
2014-07-29,123.86,123.86,123.86,123.86
2014-07-30,123.83,123.83,123.83,123.83
2014-07-31,123.68,123.68,123.68,123.68
2014-08-01,123.52,123.52,123.52,123.52
2014-08-04,123.48,123.48,123.48,123.48
2014-08-05,123.36,123.36,123.36,123.36
2014-08-06,123.27,123.27,123.27,123.27
2014-08-07,123.35,123.35,123.35,123.35
2014-08-08,123.3,123.3,123.3,123.3
2014-08-11,123.37,123.37,123.37,123.37
2014-08-12,123.43,123.43,123.43,123.43
2014-08-13,123.57,123.57,123.57,123.57
2014-08-14,123.73,123.73,123.73,123.73
2014-08-18,123.89,123.89,123.89,123.89
2014-08-19,124,124,124,124
2014-08-20,124.02,124.02,124.02,124.02
2014-08-21,124.04,124.04,124.04,124.04
2014-08-22,124.05,124.05,124.05,124.05
2014-08-25,124.11,124.11,124.11,124.11
2014-08-26,124.25,124.25,124.25,124.25
2014-08-27,124.4,124.4,124.4,124.4
2014-08-28,124.46,124.46,124.46,124.46
2014-08-29,124.44,124.44,124.44,124.44
2014-09-01,124.48,124.48,124.48,124.48
2014-09-02,124.46,124.46,124.46,124.46
2014-09-03,124.43,124.43,124.43,124.43
2014-09-04,124.46,124.46,124.46,124.46
2014-09-05,124.48,124.48,124.48,124.48
2014-09-08,124.57,124.57,124.57,124.57
2014-09-09,124.45,124.45,124.45,124.45
2014-09-10,124.32,124.32,124.32,124.32
2014-09-11,124.29,124.29,124.29,124.29
2014-09-12,124.21,124.21,124.21,124.21
2014-09-15,124.17,124.17,124.17,124.17
2014-09-16,124.12,124.12,124.12,124.12
2014-09-17,124.13,124.13,124.13,124.13
2014-09-18,124.14,124.14,124.14,124.14
2014-09-19,124.16,124.16,124.16,124.16
2014-09-22,124.23,124.23,124.23,124.23
2014-09-23,124.25,124.25,124.25,124.25
2014-09-24,124.27,124.27,124.27,124.27
2014-09-25,124.3,124.3,124.3,124.3
2014-09-26,124.22,124.22,124.22,124.22
2014-09-29,124.17,124.17,124.17,124.17
2014-09-30,124.04,124.04,124.04,124.04
2014-10-01,124.11,124.11,124.11,124.11
2014-10-02,124.15,124.15,124.15,124.15
2014-10-03,124.15,124.15,124.15,124.15
2014-10-06,124.24,124.24,124.24,124.24
2014-10-07,124.31,124.31,124.31,124.31
2014-10-08,124.35,124.35,124.35,124.35
2014-10-09,124.44,124.44,124.44,124.44
2014-10-10,124.41,124.41,124.41,124.41
2014-10-13,124.43,124.43,124.43,124.43
2014-10-14,124.46,124.46,124.46,124.46
2014-10-15,124.5,124.5,124.5,124.5
2014-10-16,124.35,124.35,124.35,124.35
2014-10-17,124.23,124.23,124.23,124.23
2014-10-20,124.31,124.31,124.31,124.31
2014-10-21,124.3,124.3,124.3,124.3
2014-10-22,124.38,124.38,124.38,124.38
2014-10-23,124.41,124.41,124.41,124.41
2014-10-24,124.4,124.4,124.4,124.4
2014-10-27,124.44,124.44,124.44,124.44
2014-10-28,124.51,124.51,124.51,124.51
2014-10-29,124.55,124.55,124.55,124.55
2014-10-30,124.54,124.54,124.54,124.54
2014-10-31,124.6,124.6,124.6,124.6
2014-11-03,124.63,124.63,124.63,124.63
2014-11-04,124.64,124.64,124.64,124.64
2014-11-05,124.65,124.65,124.65,124.65
2014-11-06,124.6,124.6,124.6,124.6
2014-11-07,124.61,124.61,124.61,124.61
2014-11-10,124.67,124.67,124.67,124.67
2014-11-12,124.71,124.71,124.71,124.71
2014-11-13,124.77,124.77,124.77,124.77
2014-11-14,124.72,124.72,124.72,124.72
2014-11-17,124.71,124.71,124.71,124.71
2014-11-18,124.68,124.68,124.68,124.68
2014-11-19,124.64,124.64,124.64,124.64
2014-11-20,124.59,124.59,124.59,124.59
2014-11-21,124.67,124.67,124.67,124.67
2014-11-24,124.72,124.72,124.72,124.72
2014-11-25,124.74,124.74,124.74,124.74
2014-11-26,124.82,124.82,124.82,124.82
2014-11-27,124.83,124.83,124.83,124.83
2014-11-28,124.85,124.85,124.85,124.85
2014-12-01,124.82,124.82,124.82,124.82
2014-12-02,124.74,124.74,124.74,124.74
2014-12-03,124.7,124.7,124.7,124.7
2014-12-04,124.69,124.69,124.69,124.69
2014-12-05,124.66,124.66,124.66,124.66
2014-12-08,124.64,124.64,124.64,124.64
2014-12-09,124.58,124.58,124.58,124.58
2014-12-10,124.56,124.56,124.56,124.56
2014-12-11,124.54,124.54,124.54,124.54
2014-12-12,124.5,124.5,124.5,124.5
2014-12-15,124.47,124.47,124.47,124.47
2014-12-16,124.34,124.34,124.34,124.34
2014-12-17,124.34,124.34,124.34,124.34
2014-12-18,124.39,124.39,124.39,124.39
2014-12-19,124.46,124.46,124.46,124.46
2014-12-22,124.55,124.55,124.55,124.55
2014-12-23,124.59,124.59,124.59,124.59
2014-12-29,124.62,124.62,124.62,124.62
2014-12-30,124.69,124.69,124.69,124.69
2015-01-02,124.76,124.76,124.76,124.76
2015-01-05,124.8,124.8,124.8,124.8
2015-01-07,124.82,124.82,124.82,124.82
2015-01-08,124.84,124.84,124.84,124.84
2015-01-09,124.88,124.88,124.88,124.88
2015-01-12,124.93,124.93,124.93,124.93
2015-01-13,124.95,124.95,124.95,124.95
2015-01-14,124.97,124.97,124.97,124.97
2015-01-15,125,125,125,125
2015-01-16,124.97,124.97,124.97,124.97
2015-01-19,124.97,124.97,124.97,124.97
2015-01-20,125.01,125.01,125.01,125.01
2015-01-21,125.02,125.02,125.02,125.02
2015-01-22,125.02,125.02,125.02,125.02
2015-01-23,125.12,125.12,125.12,125.12
2015-01-26,125.25,125.25,125.25,125.25
2015-01-27,125.24,125.24,125.24,125.24
2015-01-28,125.26,125.26,125.26,125.26
2015-01-29,125.28,125.28,125.28,125.28
2015-01-30,125.24,125.24,125.24,125.24
2015-02-02,125.33,125.33,125.33,125.33
2015-02-03,125.32,125.32,125.32,125.32
2015-02-04,125.29,125.29,125.29,125.29
2015-02-05,125.3,125.3,125.3,125.3
2015-02-06,125.32,125.32,125.32,125.32
2015-02-09,125.26,125.26,125.26,125.26
2015-02-10,125.29,125.29,125.29,125.29
2015-02-11,125.27,125.27,125.27,125.27
2015-02-12,125.31,125.31,125.31,125.31
2015-02-13,125.36,125.36,125.36,125.36
2015-02-16,125.38,125.38,125.38,125.38
2015-02-17,125.37,125.37,125.37,125.37
2015-02-18,125.33,125.33,125.33,125.33
2015-02-19,125.42,125.42,125.42,125.42
2015-02-20,125.43,125.43,125.43,125.43
2015-02-23,125.51,125.51,125.51,125.51
2015-02-24,125.57,125.57,125.57,125.57
2015-02-25,125.7,125.7,125.7,125.7
2015-02-26,125.74,125.74,125.74,125.74
2015-02-27,125.78,125.78,125.78,125.78
2015-03-02,125.83,125.83,125.83,125.83
2015-03-03,125.84,125.84,125.84,125.84
2015-03-04,125.82,125.82,125.82,125.82
2015-03-05,125.84,125.84,125.84,125.84
2015-03-06,125.86,125.86,125.86,125.86
2015-03-09,125.8,125.8,125.8,125.8
2015-03-10,125.78,125.78,125.78,125.78
2015-03-11,125.75,125.75,125.75,125.75
2015-03-12,125.81,125.81,125.81,125.81
2015-03-13,125.81,125.81,125.81,125.81
2015-03-16,125.77,125.77,125.77,125.77
2015-03-17,125.69,125.69,125.69,125.69
2015-03-18,125.63,125.63,125.63,125.63
2015-03-19,125.65,125.65,125.65,125.65
2015-03-20,125.74,125.74,125.74,125.74
2015-03-23,125.73,125.73,125.73,125.73
2015-03-24,125.72,125.72,125.72,125.72
2015-03-25,125.73,125.73,125.73,125.73
2015-03-26,125.73,125.73,125.73,125.73
2015-03-27,125.74,125.74,125.74,125.74
2015-03-30,125.85,125.85,125.85,125.85
2015-03-31,125.87,125.87,125.87,125.87
2015-04-01,125.89,125.89,125.89,125.89
2015-04-02,125.91,125.91,125.91,125.91
2015-04-03,125.91,125.91,125.91,125.91
2015-04-07,125.97,125.97,125.97,125.97
2015-04-08,126.08,126.08,126.08,126.08
2015-04-09,126.17,126.17,126.17,126.17
2015-04-10,126.16,126.16,126.16,126.16
2015-04-13,126.21,126.21,126.21,126.21
2015-04-14,126.2,126.2,126.2,126.2
2015-04-15,126.21,126.21,126.21,126.21
2015-04-16,126.22,126.22,126.22,126.22
2015-04-17,126.17,126.17,126.17,126.17
2015-04-20,126.13,126.13,126.13,126.13
2015-04-21,126.13,126.13,126.13,126.13
2015-04-22,126.14,126.14,126.14,126.14
2015-04-23,126.14,126.14,126.14,126.14
2015-04-24,126.15,126.15,126.15,126.15
2015-04-27,126.19,126.19,126.19,126.19
2015-04-28,126.2,126.2,126.2,126.2
2015-04-29,126.21,126.21,126.21,126.21
2015-04-30,126.08,126.08,126.08,126.08
2015-05-04,126.1,126.1,126.1,126.1
2015-05-05,126.03,126.03,126.03,126.03
2015-05-06,125.91,125.91,125.91,125.91
2015-05-07,125.86,125.86,125.86,125.86
2015-05-08,125.93,125.93,125.93,125.93
2015-05-11,125.98,125.98,125.98,125.98
2015-05-12,125.85,125.85,125.85,125.85
2015-05-13,125.9,125.9,125.9,125.9
2015-05-14,125.9,125.9,125.9,125.9
2015-05-15,126.01,126.01,126.01,126.01
2015-05-18,125.97,125.97,125.97,125.97
2015-05-19,126.05,126.05,126.05,126.05
2015-05-20,126.05,126.05,126.05,126.05
2015-05-21,126.07,126.07,126.07,126.07
2015-05-22,126.13,126.13,126.13,126.13
2015-05-25,126.12,126.12,126.12,126.12
2015-05-26,126.12,126.12,126.12,126.12
2015-05-27,126.14,126.14,126.14,126.14
2015-05-28,126.15,126.15,126.15,126.15
2015-05-29,126.2,126.2,126.2,126.2
2015-06-01,126.22,126.22,126.22,126.22
2015-06-02,126.13,126.13,126.13,126.13
2015-06-03,126.02,126.02,126.02,126.02
2015-06-05,125.88,125.88,125.88,125.88
2015-06-08,125.85,125.85,125.85,125.85
2015-06-09,125.73,125.73,125.73,125.73
2015-06-10,125.68,125.68,125.68,125.68
2015-06-11,125.76,125.76,125.76,125.76
2015-06-12,125.74,125.74,125.74,125.74
2015-06-15,125.57,125.57,125.57,125.57
2015-06-16,125.51,125.51,125.51,125.51
2015-06-17,125.53,125.53,125.53,125.53
2015-06-18,125.53,125.53,125.53,125.53
2015-06-19,125.6,125.6,125.6,125.6
2015-06-22,125.71,125.71,125.71,125.71
2015-06-23,125.72,125.72,125.72,125.72
2015-06-24,125.77,125.77,125.77,125.77
2015-06-25,125.79,125.79,125.79,125.79
2015-06-26,125.78,125.78,125.78,125.78
2015-06-29,125.49,125.49,125.49,125.49
2015-06-30,125.53,125.53,125.53,125.53
2015-07-01,125.55,125.55,125.55,125.55
2015-07-02,125.6,125.6,125.6,125.6
2015-07-03,125.61,125.61,125.61,125.61
2015-07-06,125.54,125.54,125.54,125.54
2015-07-07,125.54,125.54,125.54,125.54
2015-07-08,125.48,125.48,125.48,125.48
2015-07-09,125.49,125.49,125.49,125.49
2015-07-10,125.56,125.56,125.56,125.56
2015-07-13,125.61,125.61,125.61,125.61
2015-07-14,125.63,125.63,125.63,125.63
2015-07-15,125.65,125.65,125.65,125.65
2015-07-16,125.73,125.73,125.73,125.73
2015-07-17,125.73,125.73,125.73,125.73
2015-07-20,125.69,125.69,125.69,125.69
2015-07-21,125.63,125.63,125.63,125.63
2015-07-22,125.52,125.52,125.52,125.52
2015-07-23,125.51,125.51,125.51,125.51
2015-07-24,125.46,125.46,125.46,125.46
2015-07-27,125.36,125.36,125.36,125.36
2015-07-28,125.36,125.36,125.36,125.36
2015-07-29,125.42,125.42,125.42,125.42
2015-07-30,125.47,125.47,125.47,125.47
2015-07-31,125.52,125.52,125.52,125.52
2015-08-03,125.53,125.53,125.53,125.53
2015-08-04,125.49,125.49,125.49,125.49
2015-08-05,125.48,125.48,125.48,125.48
2015-08-06,125.44,125.44,125.44,125.44
2015-08-07,125.42,125.42,125.42,125.42
2015-08-10,125.41,125.41,125.41,125.41
2015-08-11,125.4,125.4,125.4,125.4
2015-08-12,125.34,125.34,125.34,125.34
2015-08-13,125.34,125.34,125.34,125.34
2015-08-14,125.35,125.35,125.35,125.35
2015-08-17,125.36,125.36,125.36,125.36
2015-08-18,125.33,125.33,125.33,125.33
2015-08-19,125.3,125.3,125.3,125.3
2015-08-20,125.28,125.28,125.28,125.28
2015-08-21,125.21,125.21,125.21,125.21
2015-08-24,125,125,125,125
2015-08-25,125,125,125,125
2015-08-26,125.04,125.04,125.04,125.04
2015-08-27,125.15,125.15,125.15,125.15
2015-08-28,125.19,125.19,125.19,125.19
2015-08-31,125.19,125.19,125.19,125.19
2015-09-01,125.11,125.11,125.11,125.11
2015-09-02,125.08,125.08,125.08,125.08
2015-09-03,125.11,125.11,125.11,125.11
2015-09-04,125.12,125.12,125.12,125.12
2015-09-07,125.11,125.11,125.11,125.11
2015-09-08,125.11,125.11,125.11,125.11
2015-09-09,125.17,125.17,125.17,125.17
2015-09-10,125.16,125.16,125.16,125.16
2015-09-11,125.16,125.16,125.16,125.16
2015-09-14,125.17,125.17,125.17,125.17
2015-09-15,125.13,125.13,125.13,125.13
2015-09-16,125.11,125.11,125.11,125.11
2015-09-17,125.11,125.11,125.11,125.11
2015-09-18,125.12,125.12,125.12,125.12
2015-09-21,125.05,125.05,125.05,125.05
2015-09-22,124.97,124.97,124.97,124.97
2015-09-23,124.98,124.98,124.98,124.98
2015-09-24,124.94,124.94,124.94,124.94
2015-09-25,124.92,124.92,124.92,124.92
2015-09-28,124.75,124.75,124.75,124.75
2015-09-29,124.6,124.6,124.6,124.6
2015-09-30,124.68,124.68,124.68,124.68
2015-10-01,124.7,124.7,124.7,124.7
2015-10-02,124.72,124.72,124.72,124.72
2015-10-05,124.73,124.73,124.73,124.73
2015-10-06,124.83,124.83,124.83,124.83
2015-10-07,124.9,124.9,124.9,124.9
2015-10-08,124.94,124.94,124.94,124.94
2015-10-09,125.01,125.01,125.01,125.01
2015-10-12,125.05,125.05,125.05,125.05
2015-10-13,125.02,125.02,125.02,125.02
2015-10-14,125.03,125.03,125.03,125.03
2015-10-15,125.03,125.03,125.03,125.03
2015-10-16,125.1,125.1,125.1,125.1
2015-10-19,125.13,125.13,125.13,125.13
2015-10-20,125.12,125.12,125.12,125.12
2015-10-21,125.15,125.15,125.15,125.15
2015-10-22,125.2,125.2,125.2,125.2
2015-10-23,125.27,125.27,125.27,125.27
2015-10-26,125.32,125.32,125.32,125.32
2015-10-27,125.31,125.31,125.31,125.31
2015-10-28,125.39,125.39,125.39,125.39
2015-10-29,125.36,125.36,125.36,125.36
2015-10-30,125.42,125.42,125.42,125.42
2015-11-02,125.37,125.37,125.37,125.37
2015-11-03,125.42,125.42,125.42,125.42
2015-11-04,125.47,125.47,125.47,125.47
2015-11-05,125.43,125.43,125.43,125.43
2015-11-06,125.39,125.39,125.39,125.39
2015-11-09,125.35,125.35,125.35,125.35
2015-11-10,125.39,125.39,125.39,125.39
2015-11-12,125.39,125.39,125.39,125.39
2015-11-13,125.33,125.33,125.33,125.33
2015-11-16,125.34,125.34,125.34,125.34
2015-11-17,125.35,125.35,125.35,125.35
2015-11-18,125.38,125.38,125.38,125.38
2015-11-19,125.41,125.41,125.41,125.41
2015-11-20,125.43,125.43,125.43,125.43
2015-11-23,125.39,125.39,125.39,125.39
2015-11-24,125.4,125.4,125.4,125.4
2015-11-25,125.41,125.41,125.41,125.41
2015-11-26,125.39,125.39,125.39,125.39
2015-11-27,125.42,125.42,125.42,125.42
2015-11-30,125.42,125.42,125.42,125.42
2015-12-01,125.49,125.49,125.49,125.49
2015-12-02,125.5,125.5,125.5,125.5
2015-12-03,125.38,125.38,125.38,125.38
2015-12-04,125.28,125.28,125.28,125.28
2015-12-07,125.36,125.36,125.36,125.36
2015-12-08,125.33,125.33,125.33,125.33
2015-12-09,125.25,125.25,125.25,125.25
2015-12-10,125.22,125.22,125.22,125.22
2015-12-11,125.14,125.14,125.14,125.14
2015-12-14,124.95,124.95,124.95,124.95
2015-12-15,124.95,124.95,124.95,124.95
2015-12-16,124.98,124.98,124.98,124.98
2015-12-17,125.09,125.09,125.09,125.09
2015-12-18,125.07,125.07,125.07,125.07
2015-12-21,125.05,125.05,125.05,125.05
2015-12-22,125.05,125.05,125.05,125.05
2015-12-23,125.05,125.05,125.05,125.05
2015-12-28,125.07,125.07,125.07,125.07
2015-12-29,125.12,125.12,125.12,125.12
2015-12-30,125.12,125.12,125.12,125.12
2016-01-04,125.1,125.1,125.1,125.1
2016-01-05,125.16,125.16,125.16,125.16
2016-01-07,125.05,125.05,125.05,125.05
2016-01-08,125.13,125.13,125.13,125.13
2016-01-11,125.08,125.08,125.08,125.08
2016-01-12,125.05,125.05,125.05,125.05
2016-01-13,125.05,125.05,125.05,125.05
2016-01-14,124.97,124.97,124.97,124.97
2016-01-15,124.93,124.93,124.93,124.93
2016-01-18,124.87,124.87,124.87,124.87
2016-01-19,124.85,124.85,124.85,124.85
2016-01-20,124.76,124.76,124.76,124.76
2016-01-21,124.74,124.74,124.74,124.74
2016-01-22,124.83,124.83,124.83,124.83
2016-01-25,124.86,124.86,124.86,124.86
2016-01-26,124.88,124.88,124.88,124.88
2016-01-27,124.9,124.9,124.9,124.9
2016-01-28,124.97,124.97,124.97,124.97
2016-01-29,125.06,125.06,125.06,125.06
2016-02-01,125.04,125.04,125.04,125.04
2016-02-02,124.97,124.97,124.97,124.97
2016-02-03,124.91,124.91,124.91,124.91
2016-02-04,124.91,124.91,124.91,124.91
2016-02-05,124.87,124.87,124.87,124.87
2016-02-08,124.72,124.72,124.72,124.72
2016-02-09,124.6,124.6,124.6,124.6
2016-02-10,124.6,124.6,124.6,124.6
2016-02-11,124.49,124.49,124.49,124.49
2016-02-12,124.47,124.47,124.47,124.47
2016-02-15,124.52,124.52,124.52,124.52
2016-02-16,124.58,124.58,124.58,124.58
2016-02-17,124.64,124.64,124.64,124.64
2016-02-18,124.73,124.73,124.73,124.73
2016-02-19,124.72,124.72,124.72,124.72
2016-02-22,124.78,124.78,124.78,124.78
2016-02-23,124.79,124.79,124.79,124.79
2016-02-24,124.79,124.79,124.79,124.79
2016-02-25,124.84,124.84,124.84,124.84
2016-02-26,124.9,124.9,124.9,124.9
2016-02-29,124.94,124.94,124.94,124.94
2016-03-01,124.99,124.99,124.99,124.99
2016-03-02,125.02,125.02,125.02,125.02
2016-03-03,125.06,125.06,125.06,125.06
2016-03-04,125.19,125.19,125.19,125.19
2016-03-07,125.26,125.26,125.26,125.26
2016-03-08,125.25,125.25,125.25,125.25
2016-03-09,125.21,125.21,125.21,125.21
2016-03-10,125.31,125.31,125.31,125.31
2016-03-11,125.48,125.48,125.48,125.48
2016-03-14,125.57,125.57,125.57,125.57
2016-03-15,125.49,125.49,125.49,125.49
2016-03-16,125.43,125.43,125.43,125.43
2016-03-17,125.56,125.56,125.56,125.56
2016-03-18,125.67,125.67,125.67,125.67
2016-03-21,125.7,125.7,125.7,125.7
2016-03-22,125.71,125.71,125.71,125.71
2016-03-23,125.69,125.69,125.69,125.69
2016-03-24,125.63,125.63,125.63,125.63
2016-03-29,125.57,125.57,125.57,125.57
2016-03-30,125.68,125.68,125.68,125.68
2016-03-31,125.76,125.76,125.76,125.76
2016-04-01,125.83,125.83,125.83,125.83
2016-04-04,125.83,125.83,125.83,125.83
2016-04-05,125.77,125.77,125.77,125.77
2016-04-06,125.84,125.84,125.84,125.84
2016-04-07,125.82,125.82,125.82,125.82
2016-04-08,125.87,125.87,125.87,125.87
2016-04-11,125.91,125.91,125.91,125.91
2016-04-12,125.96,125.96,125.96,125.96
2016-04-13,126.11,126.11,126.11,126.11
2016-04-14,126.2,126.2,126.2,126.2
2016-04-15,126.24,126.24,126.24,126.24
2016-04-18,126.21,126.21,126.21,126.21
2016-04-19,126.3,126.3,126.3,126.3
2016-04-20,126.36,126.36,126.36,126.36
2016-04-21,126.38,126.38,126.38,126.38
2016-04-22,126.5,126.5,126.5,126.5
2016-04-25,126.44,126.44,126.44,126.44
2016-04-26,126.48,126.48,126.48,126.48
2016-04-27,126.57,126.57,126.57,126.57
2016-04-28,126.64,126.64,126.64,126.64
2016-04-29,126.63,126.63,126.63,126.63
2016-05-02,126.61,126.61,126.61,126.61
2016-05-04,126.47,126.47,126.47,126.47
2016-05-05,126.47,126.47,126.47,126.47
2016-05-06,126.38,126.38,126.38,126.38
2016-05-09,126.35,126.35,126.35,126.35
2016-05-10,126.43,126.43,126.43,126.43
2016-05-11,126.49,126.49,126.49,126.49
2016-05-12,126.51,126.51,126.51,126.51
2016-05-13,126.51,126.51,126.51,126.51
2016-05-16,126.52,126.52,126.52,126.52
2016-05-17,126.58,126.58,126.58,126.58
2016-05-18,126.52,126.52,126.52,126.52
2016-05-19,126.43,126.43,126.43,126.43
2016-05-20,126.49,126.49,126.49,126.49
2016-05-23,126.47,126.47,126.47,126.47
2016-05-24,126.45,126.45,126.45,126.45
2016-05-25,126.46,126.46,126.46,126.46
2016-05-27,126.4,126.4,126.4,126.4
2016-05-30,126.4,126.4,126.4,126.4
2016-05-31,126.43,126.43,126.43,126.43
2016-06-01,126.47,126.47,126.47,126.47
2016-06-02,126.47,126.47,126.47,126.47
2016-06-03,126.56,126.56,126.56,126.56
2016-06-06,126.63,126.63,126.63,126.63
2016-06-07,126.69,126.69,126.69,126.69
2016-06-08,126.76,126.76,126.76,126.76
2016-06-09,126.77,126.77,126.77,126.77
2016-06-10,126.69,126.69,126.69,126.69
2016-06-13,126.63,126.63,126.63,126.63
2016-06-14,126.51,126.51,126.51,126.51
2016-06-15,126.54,126.54,126.54,126.54
2016-06-16,126.54,126.54,126.54,126.54
2016-06-17,126.57,126.57,126.57,126.57
2016-06-20,126.67,126.67,126.67,126.67
2016-06-21,126.67,126.67,126.67,126.67
2016-06-22,126.72,126.72,126.72,126.72
2016-06-23,126.74,126.74,126.74,126.74
2016-06-24,126.6,126.6,126.6,126.6
2016-06-27,126.84,126.84,126.84,126.84
2016-06-28,126.89,126.89,126.89,126.89
2016-06-29,126.98,126.98,126.98,126.98
2016-06-30,127.03,127.03,127.03,127.03
2016-07-01,127.12,127.12,127.12,127.12
2016-07-04,127.13,127.13,127.13,127.13
2016-07-05,127.17,127.17,127.17,127.17
2016-07-06,127.15,127.15,127.15,127.15
2016-07-07,127.18,127.18,127.18,127.18
2016-07-08,127.27,127.27,127.27,127.27
2016-07-11,127.34,127.34,127.34,127.34
2016-07-12,127.42,127.42,127.42,127.42
2016-07-13,127.43,127.43,127.43,127.43
2016-07-14,127.43,127.43,127.43,127.43
2016-07-15,127.43,127.43,127.43,127.43
2016-07-18,127.46,127.46,127.46,127.46
2016-07-19,127.49,127.49,127.49,127.49
2016-07-20,127.48,127.48,127.48,127.48
2016-07-21,127.49,127.49,127.49,127.49
2016-07-22,127.53,127.53,127.53,127.53
2016-07-25,127.55,127.55,127.55,127.55
2016-07-26,127.52,127.52,127.52,127.52
2016-07-27,127.53,127.53,127.53,127.53
2016-07-28,127.55,127.55,127.55,127.55
2016-07-29,127.51,127.51,127.51,127.51
2016-08-01,127.58,127.58,127.58,127.58
2016-08-02,127.54,127.54,127.54,127.54
2016-08-03,127.55,127.55,127.55,127.55
2016-08-04,127.64,127.64,127.64,127.64
2016-08-05,127.67,127.67,127.67,127.67
2016-08-08,127.72,127.72,127.72,127.72
2016-08-09,127.77,127.77,127.77,127.77
2016-08-10,127.82,127.82,127.82,127.82
2016-08-11,127.82,127.82,127.82,127.82
2016-08-12,127.9,127.9,127.9,127.9
2016-08-16,127.94,127.94,127.94,127.94
2016-08-17,127.9,127.9,127.9,127.9
2016-08-18,127.93,127.93,127.93,127.93
2016-08-19,127.96,127.96,127.96,127.96
2016-08-22,127.99,127.99,127.99,127.99
2016-08-23,128,128,128,128
2016-08-24,128.03,128.03,128.03,128.03
2016-08-25,128.05,128.05,128.05,128.05
2016-08-26,128.09,128.09,128.09,128.09
2016-08-29,128.08,128.08,128.08,128.08
2016-08-30,128.1,128.1,128.1,128.1
2016-08-31,128.07,128.07,128.07,128.07
2016-09-01,128.04,128.04,128.04,128.04
2016-09-02,128.08,128.08,128.08,128.08
2016-09-05,128.07,128.07,128.07,128.07
2016-09-06,128.14,128.14,128.14,128.14
2016-09-07,128.19,128.19,128.19,128.19
2016-09-08,128.16,128.16,128.16,128.16
2016-09-09,128.05,128.05,128.05,128.05
2016-09-12,127.97,127.97,127.97,127.97
2016-09-13,127.91,127.91,127.91,127.91
2016-09-14,127.89,127.89,127.89,127.89
2016-09-15,127.87,127.87,127.87,127.87
2016-09-16,127.87,127.87,127.87,127.87
2016-09-19,127.9,127.9,127.9,127.9
2016-09-20,127.93,127.93,127.93,127.93
2016-09-21,127.95,127.95,127.95,127.95
2016-09-22,128.07,128.07,128.07,128.07
2016-09-23,128.1,128.1,128.1,128.1
2016-09-26,128.05,128.05,128.05,128.05
2016-09-27,128.07,128.07,128.07,128.07
2016-09-28,128.09,128.09,128.09,128.09
2016-09-29,128.12,128.12,128.12,128.12
2016-09-30,128.15,128.15,128.15,128.15
2016-10-03,128.2,128.2,128.2,128.2
2016-10-04,128.22,128.22,128.22,128.22
2016-10-05,128.23,128.23,128.23,128.23
2016-10-06,128.25,128.25,128.25,128.25
2016-10-07,128.23,128.23,128.23,128.23
2016-10-10,128.24,128.24,128.24,128.24
2016-10-11,128.24,128.24,128.24,128.24
2016-10-12,128.23,128.23,128.23,128.23
2016-10-13,128.23,128.23,128.23,128.23
2016-10-14,128.25,128.25,128.25,128.25
2016-10-17,128.24,128.24,128.24,128.24
2016-10-18,128.26,128.26,128.26,128.26
2016-10-19,128.33,128.33,128.33,128.33
2016-10-20,128.38,128.38,128.38,128.38
2016-10-21,128.39,128.39,128.39,128.39
2016-10-24,128.39,128.39,128.39,128.39
2016-10-25,128.41,128.41,128.41,128.41
2016-10-26,128.35,128.35,128.35,128.35
2016-10-27,128.32,128.32,128.32,128.32
2016-10-28,128.29,128.29,128.29,128.29
2016-10-31,128.24,128.24,128.24,128.24
2016-11-02,128.15,128.15,128.15,128.15
2016-11-03,128.14,128.14,128.14,128.14
2016-11-04,128.13,128.13,128.13,128.13
2016-11-07,128.22,128.22,128.22,128.22
2016-11-08,128.22,128.22,128.22,128.22
2016-11-09,128.14,128.14,128.14,128.14
2016-11-10,128.08,128.08,128.08,128.08
2016-11-14,127.99,127.99,127.99,127.99
2016-11-15,128,128,128,128
2016-11-16,128.03,128.03,128.03,128.03
2016-11-17,128.04,128.04,128.04,128.04
2016-11-18,128.01,128.01,128.01,128.01
2016-11-21,128.04,128.04,128.04,128.04
2016-11-22,128.08,128.08,128.08,128.08
2016-11-23,128.04,128.04,128.04,128.04
2016-11-24,128.05,128.05,128.05,128.05
2016-11-25,128.07,128.07,128.07,128.07
2016-11-28,128.09,128.09,128.09,128.09
2016-11-29,128.11,128.11,128.11,128.11
2016-11-30,128.11,128.11,128.11,128.11
2016-12-01,128.06,128.06,128.06,128.06
2016-12-02,128.05,128.05,128.05,128.05
2016-12-05,128.07,128.07,128.07,128.07
2016-12-06,128.15,128.15,128.15,128.15
2016-12-07,128.26,128.26,128.26,128.26
2016-12-08,128.25,128.25,128.25,128.25
2016-12-09,128.28,128.28,128.28,128.28
2016-12-12,128.3,128.3,128.3,128.3
2016-12-13,128.34,128.34,128.34,128.34
2016-12-14,128.38,128.38,128.38,128.38
2016-12-15,128.28,128.28,128.28,128.28
2016-12-16,128.34,128.34,128.34,128.34
2016-12-19,128.34,128.34,128.34,128.34
2016-12-20,128.34,128.34,128.34,128.34
2016-12-21,128.37,128.37,128.37,128.37
2016-12-22,128.38,128.38,128.38,128.38
2016-12-23,128.4,128.4,128.4,128.4
2016-12-27,128.42,128.42,128.42,128.42
2016-12-28,128.42,128.42,128.42,128.42
2016-12-29,128.45,128.45,128.45,128.45
2016-12-30,128.45,128.45,128.45,128.45
2017-01-02,128.42,128.42,128.42,128.42
2017-01-03,128.46,128.46,128.46,128.46
2017-01-04,128.55,128.55,128.55,128.55
2017-01-05,128.61,128.61,128.61,128.61
2017-01-09,128.58,128.58,128.58,128.58
2017-01-10,128.59,128.59,128.59,128.59
2017-01-11,128.59,128.59,128.59,128.59
2017-01-12,128.57,128.57,128.57,128.57
2017-01-13,128.61,128.61,128.61,128.61
2017-01-16,128.62,128.62,128.62,128.62
2017-01-17,128.65,128.65,128.65,128.65
2017-01-18,128.62,128.62,128.62,128.62
2017-01-19,128.59,128.59,128.59,128.59
2017-01-20,128.61,128.61,128.61,128.61
2017-01-23,128.62,128.62,128.62,128.62
2017-01-24,128.63,128.63,128.63,128.63
2017-01-25,128.65,128.65,128.65,128.65
2017-01-26,128.66,128.66,128.66,128.66
2017-01-27,128.67,128.67,128.67,128.67
2017-01-30,128.67,128.67,128.67,128.67
2017-01-31,128.67,128.67,128.67,128.67
2017-02-01,128.68,128.68,128.68,128.68
2017-02-02,128.74,128.74,128.74,128.74
2017-02-03,128.77,128.77,128.77,128.77
2017-02-06,128.79,128.79,128.79,128.79
2017-02-07,128.82,128.82,128.82,128.82
2017-02-08,128.82,128.82,128.82,128.82
2017-02-09,128.84,128.84,128.84,128.84
2017-02-10,128.89,128.89,128.89,128.89
2017-02-13,128.89,128.89,128.89,128.89
2017-02-14,128.92,128.92,128.92,128.92
2017-02-15,128.91,128.91,128.91,128.91
2017-02-16,128.93,128.93,128.93,128.93
2017-02-17,128.94,128.94,128.94,128.94
2017-02-20,128.94,128.94,128.94,128.94
2017-02-21,129,129,129,129
2017-02-22,129.03,129.03,129.03,129.03
2017-02-23,129.1,129.1,129.1,129.1
2017-02-24,129.11,129.11,129.11,129.11
2017-02-27,129.13,129.13,129.13,129.13
2017-02-28,129.16,129.16,129.16,129.16
2017-03-01,129.23,129.23,129.23,129.23
2017-03-02,129.21,129.21,129.21,129.21
2017-03-03,129.22,129.22,129.22,129.22
2017-03-06,129.21,129.21,129.21,129.21
2017-03-07,129.17,129.17,129.17,129.17
2017-03-08,129.08,129.08,129.08,129.08
2017-03-09,128.97,128.97,128.97,128.97
2017-03-10,129.01,129.01,129.01,129.01
2017-03-13,128.98,128.98,128.98,128.98
2017-03-14,128.92,128.92,128.92,128.92
2017-03-15,128.97,128.97,128.97,128.97
2017-03-16,129.03,129.03,129.03,129.03
2017-03-17,129.01,129.01,129.01,129.01
2017-03-20,129.03,129.03,129.03,129.03
2017-03-21,129.02,129.02,129.02,129.02
2017-03-22,129.01,129.01,129.01,129.01
2017-03-23,129.05,129.05,129.05,129.05
2017-03-24,129.07,129.07,129.07,129.07
2017-03-27,129.08,129.08,129.08,129.08
2017-03-28,129.09,129.09,129.09,129.09
2017-03-29,129.11,129.11,129.11,129.11
2017-03-30,129.12,129.12,129.12,129.12
2017-03-31,129.13,129.13,129.13,129.13
2017-04-03,129.17,129.17,129.17,129.17
2017-04-04,129.19,129.19,129.19,129.19
2017-04-05,129.17,129.17,129.17,129.17
2017-04-06,129.21,129.21,129.21,129.21
2017-04-07,129.23,129.23,129.23,129.23
2017-04-10,129.23,129.23,129.23,129.23
2017-04-11,129.26,129.26,129.26,129.26
2017-04-12,129.26,129.26,129.26,129.26
2017-04-13,129.3,129.3,129.3,129.3
2017-04-18,129.33,129.33,129.33,129.33
2017-04-19,129.32,129.32,129.32,129.32
2017-04-20,129.32,129.32,129.32,129.32
2017-04-21,129.34,129.34,129.34,129.34
2017-04-24,129.35,129.35,129.35,129.35
2017-04-25,129.37,129.37,129.37,129.37
2017-04-26,129.41,129.41,129.41,129.41
2017-04-27,129.43,129.43,129.43,129.43
2017-04-28,129.44,129.44,129.44,129.44
2017-05-02,129.5,129.5,129.5,129.5
2017-05-04,129.48,129.48,129.48,129.48
2017-05-05,129.49,129.49,129.49,129.49
2017-05-08,129.51,129.51,129.51,129.51
2017-05-09,129.5,129.5,129.5,129.5
2017-05-10,129.54,129.54,129.54,129.54
2017-05-11,129.56,129.56,129.56,129.56
2017-05-12,129.6,129.6,129.6,129.6
2017-05-15,129.62,129.62,129.62,129.62
2017-05-16,129.64,129.64,129.64,129.64
2017-05-17,129.65,129.65,129.65,129.65
2017-05-18,129.6,129.6,129.6,129.6
2017-05-19,129.63,129.63,129.63,129.63
2017-05-22,129.63,129.63,129.63,129.63
2017-05-23,129.64,129.64,129.64,129.64
2017-05-24,129.68,129.68,129.68,129.68
2017-05-25,129.7,129.7,129.7,129.7
2017-05-26,129.75,129.75,129.75,129.75
2017-05-29,129.75,129.75,129.75,129.75
2017-05-30,129.75,129.75,129.75,129.75
2017-05-31,129.77,129.77,129.77,129.77
2017-06-01,129.81,129.81,129.81,129.81
2017-06-02,129.9,129.9,129.9,129.9
2017-06-05,129.89,129.89,129.89,129.89
2017-06-06,129.88,129.88,129.88,129.88
2017-06-07,129.88,129.88,129.88,129.88
2017-06-08,129.86,129.86,129.86,129.86
2017-06-09,129.89,129.89,129.89,129.89
2017-06-12,129.89,129.89,129.89,129.89
2017-06-13,129.87,129.87,129.87,129.87
2017-06-14,129.97,129.97,129.97,129.97
2017-06-16,129.94,129.94,129.94,129.94
2017-06-19,129.95,129.95,129.95,129.95
2017-06-20,129.93,129.93,129.93,129.93
2017-06-21,129.9,129.9,129.9,129.9
2017-06-22,129.91,129.91,129.91,129.91
2017-06-23,129.9,129.9,129.9,129.9
2017-06-26,129.93,129.93,129.93,129.93
2017-06-27,129.88,129.88,129.88,129.88
2017-06-28,129.87,129.87,129.87,129.87
2017-06-29,129.85,129.85,129.85,129.85
2017-06-30,129.86,129.86,129.86,129.86
2017-07-03,129.88,129.88,129.88,129.88
2017-07-04,129.89,129.89,129.89,129.89
2017-07-05,129.89,129.89,129.89,129.89
2017-07-06,129.85,129.85,129.85,129.85
2017-07-07,129.83,129.83,129.83,129.83
2017-07-10,129.77,129.77,129.77,129.77
2017-07-11,129.78,129.78,129.78,129.78
2017-07-12,129.81,129.81,129.81,129.81
2017-07-13,129.84,129.84,129.84,129.84
2017-07-14,129.86,129.86,129.86,129.86
2017-07-17,129.88,129.88,129.88,129.88
2017-07-18,129.9,129.9,129.9,129.9
2017-07-19,129.93,129.93,129.93,129.93
2017-07-20,129.95,129.95,129.95,129.95
2017-07-21,130,130,130,130
2017-07-24,130,130,130,130
2017-07-25,130,130,130,130
2017-07-26,130.02,130.02,130.02,130.02
2017-07-27,130.05,130.05,130.05,130.05
2017-07-28,130.04,130.04,130.04,130.04
2017-07-31,130.05,130.05,130.05,130.05
2017-08-01,130.06,130.06,130.06,130.06
2017-08-02,130.09,130.09,130.09,130.09
2017-08-03,130.11,130.11,130.11,130.11
2017-08-04,130.1,130.1,130.1,130.1
2017-08-07,130.11,130.11,130.11,130.11
2017-08-08,130.12,130.12,130.12,130.12
2017-08-09,130.06,130.06,130.06,130.06
2017-08-10,130.02,130.02,130.02,130.02
2017-08-11,129.99,129.99,129.99,129.99
2017-08-14,130.02,130.02,130.02,130.02
2017-08-16,130.04,130.04,130.04,130.04
2017-08-17,130.05,130.05,130.05,130.05
2017-08-18,130.08,130.08,130.08,130.08
2017-08-21,130.09,130.09,130.09,130.09
2017-08-22,130.08,130.08,130.08,130.08
2017-08-23,130.1,130.1,130.1,130.1
2017-08-24,130.11,130.11,130.11,130.11
2017-08-25,130.13,130.13,130.13,130.13
2017-08-28,130.13,130.13,130.13,130.13
2017-08-29,130.15,130.15,130.15,130.15
2017-08-30,130.14,130.14,130.14,130.14
2017-08-31,130.17,130.17,130.17,130.17
2017-09-01,130.23,130.23,130.23,130.23
2017-09-04,130.24,130.24,130.24,130.24
2017-09-05,130.27,130.27,130.27,130.27
2017-09-06,130.29,130.29,130.29,130.29
2017-09-07,130.34,130.34,130.34,130.34
2017-09-08,130.34,130.34,130.34,130.34
2017-09-11,130.34,130.34,130.34,130.34
2017-09-12,130.32,130.32,130.32,130.32
2017-09-13,130.31,130.31,130.31,130.31
2017-09-14,130.32,130.32,130.32,130.32
2017-09-15,130.33,130.33,130.33,130.33
2017-09-18,130.34,130.34,130.34,130.34
2017-09-19,130.32,130.32,130.32,130.32
2017-09-20,130.34,130.34,130.34,130.34
2017-09-21,130.33,130.33,130.33,130.33
2017-09-22,130.35,130.35,130.35,130.35
2017-09-25,130.36,130.36,130.36,130.36
2017-09-26,130.37,130.37,130.37,130.37
2017-09-27,130.36,130.36,130.36,130.36
2017-09-28,130.36,130.36,130.36,130.36
2017-09-29,130.37,130.37,130.37,130.37
2017-10-02,130.37,130.37,130.37,130.37
2017-10-03,130.38,130.38,130.38,130.38
2017-10-04,130.39,130.39,130.39,130.39
2017-10-05,130.39,130.39,130.39,130.39
2017-10-06,130.38,130.38,130.38,130.38
2017-10-09,130.39,130.39,130.39,130.39
2017-10-10,130.4,130.4,130.4,130.4
2017-10-11,130.41,130.41,130.41,130.41
2017-10-12,130.43,130.43,130.43,130.43
2017-10-13,130.45,130.45,130.45,130.45
2017-10-16,130.48,130.48,130.48,130.48
2017-10-17,130.48,130.48,130.48,130.48
2017-10-18,130.49,130.49,130.49,130.49
2017-10-19,130.52,130.52,130.52,130.52
2017-10-20,130.51,130.51,130.51,130.51
2017-10-23,130.5,130.5,130.5,130.5
2017-10-24,130.51,130.51,130.51,130.51
2017-10-25,130.53,130.53,130.53,130.53
2017-10-26,130.52,130.52,130.52,130.52
2017-10-27,130.54,130.54,130.54,130.54
2017-10-30,130.56,130.56,130.56,130.56
2017-10-31,130.57,130.57,130.57,130.57
2017-11-02,130.57,130.57,130.57,130.57
2017-11-03,130.55,130.55,130.55,130.55
2017-11-06,130.56,130.56,130.56,130.56
2017-11-07,130.58,130.58,130.58,130.58
2017-11-08,130.61,130.61,130.61,130.61
2017-11-09,130.59,130.59,130.59,130.59
2017-11-10,130.58,130.58,130.58,130.58
2017-11-13,130.58,130.58,130.58,130.58
2017-11-14,130.57,130.57,130.57,130.57
2017-11-15,130.58,130.58,130.58,130.58
2017-11-16,130.56,130.56,130.56,130.56
2017-11-17,130.57,130.57,130.57,130.57
2017-11-20,130.59,130.59,130.59,130.59
2017-11-21,130.6,130.6,130.6,130.6
2017-11-22,130.6,130.6,130.6,130.6
2017-11-23,130.64,130.64,130.64,130.64
2017-11-24,130.65,130.65,130.65,130.65
2017-11-27,130.64,130.64,130.64,130.64
2017-11-28,130.63,130.63,130.63,130.63
2017-11-29,130.65,130.65,130.65,130.65
2017-11-30,130.65,130.65,130.65,130.65
2017-12-01,130.66,130.66,130.66,130.66
2017-12-04,130.68,130.68,130.68,130.68
2017-12-05,130.68,130.68,130.68,130.68
2017-12-06,130.69,130.69,130.69,130.69
2017-12-07,130.7,130.7,130.7,130.7
2017-12-08,130.71,130.71,130.71,130.71
2017-12-11,130.73,130.73,130.73,130.73
2017-12-12,130.73,130.73,130.73,130.73
2017-12-13,130.72,130.72,130.72,130.72
2017-12-14,130.74,130.74,130.74,130.74
2017-12-15,130.72,130.72,130.72,130.72
2017-12-18,130.75,130.75,130.75,130.75
2017-12-19,130.59,130.59,130.59,130.59
2017-12-20,130.57,130.57,130.57,130.57
2017-12-21,130.57,130.57,130.57,130.57
2017-12-22,130.57,130.57,130.57,130.57
2017-12-27,130.61,130.61,130.61,130.61
2017-12-28,130.61,130.61,130.61,130.61
2017-12-29,130.65,130.65,130.65,130.65
2018-01-03,130.72,130.72,130.72,130.72
2018-01-04,130.77,130.77,130.77,130.77
2018-01-05,130.81,130.81,130.81,130.81
2018-01-08,130.83,130.83,130.83,130.83
2018-01-09,130.81,130.81,130.81,130.81
2018-01-10,130.77,130.77,130.77,130.77
2018-01-11,130.76,130.76,130.76,130.76
2018-01-12,130.77,130.77,130.77,130.77
2018-01-15,130.79,130.79,130.79,130.79
2018-01-16,130.82,130.82,130.82,130.82
2018-01-17,130.82,130.82,130.82,130.82
2018-01-18,130.8,130.8,130.8,130.8
2018-01-19,130.82,130.82,130.82,130.82
2018-01-22,130.82,130.82,130.82,130.82
2018-01-23,130.87,130.87,130.87,130.87
2018-01-24,130.87,130.87,130.87,130.87
2018-01-25,130.88,130.88,130.88,130.88
2018-01-26,130.9,130.9,130.9,130.9
2018-01-29,130.89,130.89,130.89,130.89
2018-01-30,130.87,130.87,130.87,130.87
2018-01-31,130.89,130.89,130.89,130.89
2018-02-01,130.89,130.89,130.89,130.89
2018-02-02,130.86,130.86,130.86,130.86
2018-02-05,130.78,130.78,130.78,130.78
2018-02-06,130.75,130.75,130.75,130.75
2018-02-07,130.75,130.75,130.75,130.75
2018-02-08,130.76,130.76,130.76,130.76
2018-02-09,130.72,130.72,130.72,130.72
2018-02-12,130.75,130.75,130.75,130.75
2018-02-13,130.76,130.76,130.76,130.76
2018-02-14,130.78,130.78,130.78,130.78
2018-02-15,130.78,130.78,130.78,130.78
2018-02-16,130.81,130.81,130.81,130.81
2018-02-19,130.81,130.81,130.81,130.81
2018-02-20,130.82,130.82,130.82,130.82
2018-02-21,130.83,130.83,130.83,130.83
2018-02-22,130.86,130.86,130.86,130.86
2018-02-23,130.84,130.84,130.84,130.84
2018-02-26,130.87,130.87,130.87,130.87
2018-02-27,130.88,130.88,130.88,130.88
2018-02-28,130.88,130.88,130.88,130.88
2018-03-01,130.8,130.8,130.8,130.8
2018-03-02,130.8,130.8,130.8,130.8
2018-03-05,130.81,130.81,130.81,130.81
2018-03-06,130.82,130.82,130.82,130.82
2018-03-07,130.79,130.79,130.79,130.79
2018-03-08,130.79,130.79,130.79,130.79
2018-03-09,130.78,130.78,130.78,130.78
2018-03-12,130.8,130.8,130.8,130.8
2018-03-13,130.8,130.8,130.8,130.8
2018-03-14,130.83,130.83,130.83,130.83
2018-03-15,130.87,130.87,130.87,130.87
2018-03-16,130.86,130.86,130.86,130.86
2018-03-19,130.88,130.88,130.88,130.88
2018-03-20,130.87,130.87,130.87,130.87
2018-03-21,130.88,130.88,130.88,130.88
2018-03-22,130.92,130.92,130.92,130.92
2018-03-23,130.95,130.95,130.95,130.95
2018-03-26,130.99,130.99,130.99,130.99
2018-03-27,130.99,130.99,130.99,130.99
2018-03-28,130.96,130.96,130.96,130.96
2018-03-29,131.01,131.01,131.01,131.01
2018-04-03,131,131,131,131
2018-04-04,131.03,131.03,131.03,131.03
2018-04-05,131.04,131.04,131.04,131.04
2018-04-06,131.06,131.06,131.06,131.06
2018-04-09,131.07,131.07,131.07,131.07
2018-04-10,131.08,131.08,131.08,131.08
2018-04-11,131.11,131.11,131.11,131.11
2018-04-12,131.11,131.11,131.11,131.11
2018-04-13,131.1,131.1,131.1,131.1
2018-04-16,131.1,131.1,131.1,131.1
2018-04-17,131.1,131.1,131.1,131.1
2018-04-18,131.13,131.13,131.13,131.13
2018-04-19,131.12,131.12,131.12,131.12
2018-04-20,131.11,131.11,131.11,131.11
2018-04-23,131.09,131.09,131.09,131.09
2018-04-24,131.06,131.06,131.06,131.06
2018-04-25,131.04,131.04,131.04,131.04
2018-04-26,131.06,131.06,131.06,131.06
2018-04-27,131.07,131.07,131.07,131.07
2018-04-30,131.09,131.09,131.09,131.09
2018-05-02,131.08,131.08,131.08,131.08
2018-05-04,131.08,131.08,131.08,131.08
2018-05-07,131.09,131.09,131.09,131.09
2018-05-08,131.07,131.07,131.07,131.07
2018-05-09,131.06,131.06,131.06,131.06
2018-05-10,131.06,131.06,131.06,131.06
2018-05-11,131.07,131.07,131.07,131.07
2018-05-14,131.08,131.08,131.08,131.08
2018-05-15,131.05,131.05,131.05,131.05
2018-05-16,131.05,131.05,131.05,131.05
2018-05-17,131.05,131.05,131.05,131.05
2018-05-18,131.07,131.07,131.07,131.07
2018-05-21,131.12,131.12,131.12,131.12
2018-05-22,131.13,131.13,131.13,131.13
2018-05-23,131.06,131.06,131.06,131.06
2018-05-24,131.08,131.08,131.08,131.08
2018-05-25,131.08,131.08,131.08,131.08
2018-05-28,131.09,131.09,131.09,131.09
2018-05-29,131.06,131.06,131.06,131.06
2018-05-30,131.08,131.08,131.08,131.08
2018-06-01,131.2,131.2,131.2,131.2
2018-06-04,131.23,131.23,131.23,131.23
2018-06-05,131.21,131.21,131.21,131.21
2018-06-06,131.21,131.21,131.21,131.21
2018-06-07,131.2,131.2,131.2,131.2
2018-06-08,131.19,131.19,131.19,131.19
2018-06-11,131.2,131.2,131.2,131.2
2018-06-12,131.23,131.23,131.23,131.23
2018-06-13,131.23,131.23,131.23,131.23
2018-06-14,131.23,131.23,131.23,131.23
2018-06-15,131.25,131.25,131.25,131.25
2018-06-18,131.25,131.25,131.25,131.25
2018-06-19,131.24,131.24,131.24,131.24
2018-06-20,131.27,131.27,131.27,131.27
2018-06-21,131.28,131.28,131.28,131.28
2018-06-22,131.29,131.29,131.29,131.29
2018-06-25,131.3,131.3,131.3,131.3
2018-06-26,131.3,131.3,131.3,131.3
2018-06-27,131.29,131.29,131.29,131.29
2018-06-28,131.25,131.25,131.25,131.25
2018-06-29,131.28,131.28,131.28,131.28
2018-07-02,131.28,131.28,131.28,131.28
2018-07-03,131.28,131.28,131.28,131.28
2018-07-04,131.28,131.28,131.28,131.28
2018-07-05,131.32,131.32,131.32,131.32
2018-07-06,131.35,131.35,131.35,131.35
2018-07-09,131.36,131.36,131.36,131.36
2018-07-10,131.38,131.38,131.38,131.38
2018-07-11,131.37,131.37,131.37,131.37
2018-07-12,131.37,131.37,131.37,131.37
2018-07-13,131.39,131.39,131.39,131.39
2018-07-16,131.41,131.41,131.41,131.41
2018-07-17,131.42,131.42,131.42,131.42
2018-07-18,131.43,131.43,131.43,131.43
2018-07-19,131.44,131.44,131.44,131.44
2018-07-20,131.43,131.43,131.43,131.43
2018-07-23,131.43,131.43,131.43,131.43
2018-07-24,131.44,131.44,131.44,131.44
2018-07-25,131.45,131.45,131.45,131.45
2018-07-26,131.47,131.47,131.47,131.47
2018-07-27,131.47,131.47,131.47,131.47
2018-07-30,131.49,131.49,131.49,131.49
2018-07-31,131.52,131.52,131.52,131.52
2018-08-01,131.5,131.5,131.5,131.5
2018-08-02,131.51,131.51,131.51,131.51
2018-08-03,131.53,131.53,131.53,131.53
2018-08-06,131.54,131.54,131.54,131.54
2018-08-07,131.56,131.56,131.56,131.56
2018-08-08,131.56,131.56,131.56,131.56
2018-08-09,131.56,131.56,131.56,131.56
2018-08-10,131.55,131.55,131.55,131.55
2018-08-13,131.57,131.57,131.57,131.57
2018-08-14,131.58,131.58,131.58,131.58
2018-08-16,131.58,131.58,131.58,131.58
2018-08-17,131.58,131.58,131.58,131.58
2018-08-20,131.59,131.59,131.59,131.59
2018-08-21,131.54,131.54,131.54,131.54
2018-08-22,131.56,131.56,131.56,131.56
2018-08-23,131.56,131.56,131.56,131.56
2018-08-24,131.57,131.57,131.57,131.57
2018-08-27,131.58,131.58,131.58,131.58
2018-08-28,131.58,131.58,131.58,131.58
2018-08-29,131.61,131.61,131.61,131.61
2018-08-30,131.62,131.62,131.62,131.62
2018-08-31,131.61,131.61,131.61,131.61
2018-09-03,131.63,131.63,131.63,131.63
2018-09-04,131.63,131.63,131.63,131.63
2018-09-05,131.66,131.66,131.66,131.66
2018-09-06,131.64,131.64,131.64,131.64
2018-09-07,131.64,131.64,131.64,131.64
2018-09-10,131.65,131.65,131.65,131.65
2018-09-11,131.63,131.63,131.63,131.63
2018-09-12,131.65,131.65,131.65,131.65
2018-09-13,131.66,131.66,131.66,131.66
2018-09-14,131.67,131.67,131.67,131.67
2018-09-17,131.68,131.68,131.68,131.68
2018-09-18,131.68,131.68,131.68,131.68
2018-09-19,131.69,131.69,131.69,131.69
2018-09-20,131.7,131.7,131.7,131.7
2018-09-21,131.7,131.7,131.7,131.7
2018-09-24,131.69,131.69,131.69,131.69
2018-09-25,131.69,131.69,131.69,131.69
2018-09-26,131.68,131.68,131.68,131.68
2018-09-27,131.72,131.72,131.72,131.72
2018-09-28,131.73,131.73,131.73,131.73
2018-10-01,131.76,131.76,131.76,131.76
2018-10-02,131.76,131.76,131.76,131.76
2018-10-03,131.78,131.78,131.78,131.78
2018-10-04,131.78,131.78,131.78,131.78
2018-10-05,131.74,131.74,131.74,131.74
2018-10-08,131.72,131.72,131.72,131.72
2018-10-09,131.7,131.7,131.7,131.7
2018-10-10,131.71,131.71,131.71,131.71
2018-10-11,131.69,131.69,131.69,131.69
2018-10-12,131.67,131.67,131.67,131.67
2018-10-15,131.68,131.68,131.68,131.68
2018-10-16,131.68,131.68,131.68,131.68
2018-10-17,131.71,131.71,131.71,131.71
2018-10-18,131.71,131.71,131.71,131.71
2018-10-19,131.72,131.72,131.72,131.72
2018-10-22,131.72,131.72,131.72,131.72
2018-10-23,131.72,131.72,131.72,131.72
2018-10-24,131.7,131.7,131.7,131.7
2018-10-25,131.68,131.68,131.68,131.68
2018-10-26,131.67,131.67,131.67,131.67
2018-10-29,131.68,131.68,131.68,131.68
2018-10-30,131.68,131.68,131.68,131.68
2018-10-31,131.69,131.69,131.69,131.69
2018-11-02,131.68,131.68,131.68,131.68
2018-11-05,131.68,131.68,131.68,131.68
2018-11-06,131.68,131.68,131.68,131.68
2018-11-07,131.7,131.7,131.7,131.7
2018-11-08,131.7,131.7,131.7,131.7
2018-11-09,131.71,131.71,131.71,131.71
2018-11-13,131.72,131.72,131.72,131.72
2018-11-14,131.66,131.66,131.66,131.66
2018-11-15,131.66,131.66,131.66,131.66
2018-11-16,131.63,131.63,131.63,131.63
2018-11-19,131.62,131.62,131.62,131.62
2018-11-20,131.62,131.62,131.62,131.62
2018-11-21,131.59,131.59,131.59,131.59
2018-11-22,131.61,131.61,131.61,131.61
2018-11-23,131.63,131.63,131.63,131.63
2018-11-26,131.65,131.65,131.65,131.65
2018-11-27,131.66,131.66,131.66,131.66
2018-11-28,131.67,131.67,131.67,131.67
2018-11-29,131.67,131.67,131.67,131.67
2018-11-30,131.85,131.85,131.85,131.85
2018-12-03,131.94,131.94,131.94,131.94
2018-12-04,131.96,131.96,131.96,131.96
2018-12-05,131.96,131.96,131.96,131.96
2018-12-06,131.97,131.97,131.97,131.97
2018-12-07,131.94,131.94,131.94,131.94
2018-12-10,131.95,131.95,131.95,131.95
2018-12-11,131.95,131.95,131.95,131.95
2018-12-12,131.97,131.97,131.97,131.97
2018-12-13,131.95,131.95,131.95,131.95
2018-12-14,131.97,131.97,131.97,131.97
2018-12-17,131.98,131.98,131.98,131.98
2018-12-18,131.97,131.97,131.97,131.97
2018-12-19,131.95,131.95,131.95,131.95
2018-12-20,131.99,131.99,131.99,131.99
2018-12-21,131.97,131.97,131.97,131.97
2018-12-27,131.93,131.93,131.93,131.93
2018-12-28,131.96,131.96,131.96,131.96
2019-01-02,132.04,132.04,132.04,132.04
2019-01-03,132.02,132.02,132.02,132.02
2019-01-04,132.01,132.01,132.01,132.01
2019-01-07,132.02,132.02,132.02,132.02
2019-01-08,132.01,132.01,132.01,132.01
2019-01-09,132.02,132.02,132.02,132.02
2019-01-10,132.03,132.03,132.03,132.03
2019-01-11,132.08,132.08,132.08,132.08
2019-01-14,132.13,132.13,132.13,132.13
2019-01-15,132.12,132.12,132.12,132.12
2019-01-16,132.12,132.12,132.12,132.12
2019-01-17,132.12,132.12,132.12,132.12
2019-01-18,132.13,132.13,132.13,132.13
2019-01-21,132.15,132.15,132.15,132.15
2019-01-22,132.14,132.14,132.14,132.14
2019-01-23,132.17,132.17,132.17,132.17
2019-01-24,132.19,132.19,132.19,132.19
2019-01-25,132.23,132.23,132.23,132.23
2019-01-28,132.26,132.26,132.26,132.26
2019-01-29,132.27,132.27,132.27,132.27
2019-01-30,132.28,132.28,132.28,132.28
2019-01-31,132.31,132.31,132.31,132.31
2019-02-01,132.37,132.37,132.37,132.37
2019-02-04,132.34,132.34,132.34,132.34
2019-02-05,132.34,132.34,132.34,132.34
2019-02-06,132.37,132.37,132.37,132.37
2019-02-07,132.38,132.38,132.38,132.38
2019-02-08,132.39,132.39,132.39,132.39
2019-02-11,132.4,132.4,132.4,132.4
2019-02-12,132.39,132.39,132.39,132.39
2019-02-13,132.41,132.41,132.41,132.41
2019-02-14,132.44,132.44,132.44,132.44
2019-02-15,132.43,132.43,132.43,132.43
2019-02-18,132.46,132.46,132.46,132.46
2019-02-19,132.46,132.46,132.46,132.46
2019-02-20,132.48,132.48,132.48,132.48
2019-02-21,132.49,132.49,132.49,132.49
2019-02-22,132.45,132.45,132.45,132.45
2019-02-25,132.42,132.42,132.42,132.42
2019-02-26,132.45,132.45,132.45,132.45
2019-02-27,132.44,132.44,132.44,132.44
2019-02-28,132.42,132.42,132.42,132.42
2019-03-01,132.42,132.42,132.42,132.42
2019-03-04,132.46,132.46,132.46,132.46
2019-03-05,132.48,132.48,132.48,132.48
2019-03-06,132.49,132.49,132.49,132.49
2019-03-07,132.5,132.5,132.5,132.5
2019-03-08,132.53,132.53,132.53,132.53
2019-03-11,132.51,132.51,132.51,132.51
2019-03-12,132.52,132.52,132.52,132.52
2019-03-13,132.56,132.56,132.56,132.56
2019-03-14,132.56,132.56,132.56,132.56
2019-03-15,132.58,132.58,132.58,132.58
2019-03-18,132.61,132.61,132.61,132.61
2019-03-19,132.61,132.61,132.61,132.61
2019-03-20,132.61,132.61,132.61,132.61
2019-03-21,132.65,132.65,132.65,132.65
2019-03-22,132.68,132.68,132.68,132.68
2019-03-25,132.68,132.68,132.68,132.68
2019-03-26,132.66,132.66,132.66,132.66
2019-03-27,132.68,132.68,132.68,132.68
2019-03-28,132.69,132.69,132.69,132.69
2019-03-29,132.68,132.68,132.68,132.68
2019-04-01,132.65,132.65,132.65,132.65
2019-04-02,132.67,132.67,132.67,132.67
2019-04-03,132.68,132.68,132.68,132.68
2019-04-04,132.68,132.68,132.68,132.68
2019-04-05,132.72,132.72,132.72,132.72
2019-04-08,132.74,132.74,132.74,132.74
2019-04-09,132.73,132.73,132.73,132.73
2019-04-10,132.76,132.76,132.76,132.76
2019-04-11,132.74,132.74,132.74,132.74
2019-04-12,132.76,132.76,132.76,132.76
2019-04-15,132.79,132.79,132.79,132.79
2019-04-16,132.79,132.79,132.79,132.79
2019-04-17,132.8,132.8,132.8,132.8
2019-04-18,132.82,132.82,132.82,132.82
2019-04-23,132.86,132.86,132.86,132.86
2019-04-24,132.86,132.86,132.86,132.86
2019-04-25,132.89,132.89,132.89,132.89
2019-04-26,132.86,132.86,132.86,132.86
2019-04-29,132.94,132.94,132.94,132.94
2019-04-30,132.93,132.93,132.93,132.93
2019-05-02,132.97,132.97,132.97,132.97
2019-05-06,132.99,132.99,132.99,132.99
2019-05-07,133.01,133.01,133.01,133.01
2019-05-08,133.03,133.03,133.03,133.03
2019-05-09,133.05,133.05,133.05,133.05
2019-05-10,133.05,133.05,133.05,133.05
2019-05-13,133.06,133.06,133.06,133.06
2019-05-14,133.04,133.04,133.04,133.04
2019-05-15,133.07,133.07,133.07,133.07
2019-05-16,133.04,133.04,133.04,133.04
2019-05-17,133.12,133.12,133.12,133.12
2019-05-20,133.11,133.11,133.11,133.11
2019-05-21,133.1,133.1,133.1,133.1
2019-05-22,133.12,133.12,133.12,133.12
2019-05-23,133.15,133.15,133.15,133.15
2019-05-24,133.14,133.14,133.14,133.14
2019-05-27,133.16,133.16,133.16,133.16
2019-05-28,133.15,133.15,133.15,133.15
2019-05-29,133.17,133.17,133.17,133.17
2019-05-30,133.17,133.17,133.17,133.17
2019-05-31,133.18,133.18,133.18,133.18
2019-06-03,133.21,133.21,133.21,133.21
2019-06-04,133.2,133.2,133.2,133.2
2019-06-05,133.25,133.25,133.25,133.25
2019-06-06,133.28,133.28,133.28,133.28
2019-06-07,133.28,133.28,133.28,133.28
2019-06-10,133.27,133.27,133.27,133.27
2019-06-11,133.27,133.27,133.27,133.27
2019-06-12,133.29,133.29,133.29,133.29
2019-06-13,133.34,133.34,133.34,133.34
2019-06-14,133.37,133.37,133.37,133.37
2019-06-17,133.36,133.36,133.36,133.36
2019-06-18,133.37,133.37,133.37,133.37
2019-06-19,133.39,133.39,133.39,133.39
2019-06-21,133.44,133.44,133.44,133.44
2019-06-24,133.44,133.44,133.44,133.44
2019-06-25,133.47,133.47,133.47,133.47
2019-06-26,133.43,133.43,133.43,133.43
2019-06-27,133.38,133.38,133.38,133.38
2019-06-28,133.4,133.4,133.4,133.4
2019-07-01,133.42,133.42,133.42,133.42
2019-07-02,133.42,133.42,133.42,133.42
2019-07-03,133.44,133.44,133.44,133.44
2019-07-04,133.45,133.45,133.45,133.45
2019-07-05,133.47,133.47,133.47,133.47
2019-07-08,133.46,133.46,133.46,133.46
2019-07-09,133.47,133.47,133.47,133.47
2019-07-10,133.46,133.46,133.46,133.46
2019-07-11,133.48,133.48,133.48,133.48
2019-07-12,133.47,133.47,133.47,133.47
2019-07-15,133.48,133.48,133.48,133.48
2019-07-16,133.48,133.48,133.48,133.48
2019-07-17,133.49,133.49,133.49,133.49
2019-07-18,133.5,133.5,133.5,133.5
2019-07-19,133.51,133.51,133.51,133.51
2019-07-22,133.54,133.54,133.54,133.54
2019-07-23,133.55,133.55,133.55,133.55
2019-07-24,133.59,133.59,133.59,133.59
2019-07-25,133.62,133.62,133.62,133.62
2019-07-26,133.63,133.63,133.63,133.63
2019-07-29,133.61,133.61,133.61,133.61
2019-07-30,133.62,133.62,133.62,133.62
2019-07-31,133.65,133.65,133.65,133.65
2019-08-01,133.68,133.68,133.68,133.68
2019-08-02,133.68,133.68,133.68,133.68
2019-08-05,133.68,133.68,133.68,133.68
2019-08-06,133.65,133.65,133.65,133.65
2019-08-07,133.65,133.65,133.65,133.65
2019-08-08,133.69,133.69,133.69,133.69
2019-08-09,133.69,133.69,133.69,133.69
2019-08-12,133.69,133.69,133.69,133.69
2019-08-13,133.7,133.7,133.7,133.7
2019-08-14,133.71,133.71,133.71,133.71
2019-08-16,133.75,133.75,133.75,133.75
2019-08-19,133.75,133.75,133.75,133.75
2019-08-20,133.75,133.75,133.75,133.75
2019-08-21,133.77,133.77,133.77,133.77
2019-08-22,133.77,133.77,133.77,133.77
2019-08-23,133.75,133.75,133.75,133.75
2019-08-26,133.8,133.8,133.8,133.8
2019-08-27,133.8,133.8,133.8,133.8
2019-08-28,133.82,133.82,133.82,133.82
2019-08-29,133.76,133.76,133.76,133.76
2019-08-30,133.75,133.75,133.75,133.75
2019-09-02,133.83,133.83,133.83,133.83
2019-09-03,133.81,133.81,133.81,133.81
2019-09-04,133.84,133.84,133.84,133.84
2019-09-05,133.8,133.8,133.8,133.8
2019-09-06,133.77,133.77,133.77,133.77
2019-09-09,133.76,133.76,133.76,133.76
2019-09-10,133.72,133.72,133.72,133.72
2019-09-11,133.73,133.73,133.73,133.73
2019-09-12,133.76,133.76,133.76,133.76
2019-09-13,133.73,133.73,133.73,133.73
2019-09-16,133.7,133.7,133.7,133.7
2019-09-17,133.74,133.74,133.74,133.74
2019-09-18,133.76,133.76,133.76,133.76
2019-09-19,133.8,133.8,133.8,133.8
2019-09-20,133.81,133.81,133.81,133.81
2019-09-23,133.86,133.86,133.86,133.86
2019-09-24,133.88,133.88,133.88,133.88
2019-09-25,133.9,133.9,133.9,133.9
2019-09-26,133.87,133.87,133.87,133.87
2019-09-27,133.88,133.88,133.88,133.88
2019-09-30,133.88,133.88,133.88,133.88
2019-10-01,133.93,133.93,133.93,133.93
2019-10-02,133.94,133.94,133.94,133.94
2019-10-03,133.97,133.97,133.97,133.97
2019-10-04,134.01,134.01,134.01,134.01
2019-10-07,134.05,134.05,134.05,134.05
2019-10-08,134.03,134.03,134.03,134.03
2019-10-09,134.03,134.03,134.03,134.03
2019-10-10,134.01,134.01,134.01,134.01
2019-10-11,133.97,133.97,133.97,133.97
2019-10-14,133.98,133.98,133.98,133.98
2019-10-15,133.99,133.99,133.99,133.99
2019-10-16,133.98,133.98,133.98,133.98
2019-10-17,134,134,134,134
2019-10-18,134,134,134,134
2019-10-21,134.02,134.02,134.02,134.02
2019-10-22,134.02,134.02,134.02,134.02
2019-10-23,134.04,134.04,134.04,134.04
2019-10-24,134.04,134.04,134.04,134.04
2019-10-25,134.01,134.01,134.01,134.01
2019-10-28,134.02,134.02,134.02,134.02
2019-10-29,134.01,134.01,134.01,134.01
2019-10-30,134.04,134.04,134.04,134.04
2019-10-31,134.06,134.06,134.06,134.06
2019-11-04,134.13,134.13,134.13,134.13
2019-11-05,134.11,134.11,134.11,134.11
2019-11-06,134.12,134.12,134.12,134.12
2019-11-07,134.1,134.1,134.1,134.1
2019-11-08,134.02,134.02,134.02,134.02
2019-11-12,134.08,134.08,134.08,134.08
2019-11-13,134.09,134.09,134.09,134.09
2019-11-14,134.1,134.1,134.1,134.1
2019-11-15,134.07,134.07,134.07,134.07
2019-11-18,134.12,134.12,134.12,134.12
2019-11-19,134.13,134.13,134.13,134.13
2019-11-20,134.15,134.15,134.15,134.15
2019-11-21,134.15,134.15,134.15,134.15
2019-11-22,134.15,134.15,134.15,134.15
2019-11-25,134.17,134.17,134.17,134.17
2019-11-26,134.22,134.22,134.22,134.22
2019-11-27,134.27,134.27,134.27,134.27
2019-11-28,134.26,134.26,134.26,134.26
2019-11-29,134.27,134.27,134.27,134.27
2019-12-02,134.27,134.27,134.27,134.27
2019-12-03,134.27,134.27,134.27,134.27
2019-12-04,134.28,134.28,134.28,134.28
2019-12-05,134.26,134.26,134.26,134.26
2019-12-06,134.28,134.28,134.28,134.28
2019-12-09,134.29,134.29,134.29,134.29
2019-12-10,134.25,134.25,134.25,134.25
2019-12-11,134.26,134.26,134.26,134.26
2019-12-12,134.28,134.28,134.28,134.28
2019-12-13,134.25,134.25,134.25,134.25
2019-12-16,134.27,134.27,134.27,134.27
2019-12-17,134.27,134.27,134.27,134.27
2019-12-18,134.29,134.29,134.29,134.29
2019-12-19,134.28,134.28,134.28,134.28
2019-12-20,134.27,134.27,134.27,134.27
2019-12-23,134.28,134.28,134.28,134.28
2019-12-27,134.32,134.32,134.32,134.32
2019-12-30,134.34,134.34,134.34,134.34
2020-01-02,134.39,134.39,134.39,134.39
2020-01-03,134.44,134.44,134.44,134.44
2020-01-07,134.41,134.41,134.41,134.41
2020-01-08,134.39,134.39,134.39,134.39
2020-01-10,134.35,134.35,134.35,134.35
2020-01-13,134.34,134.34,134.34,134.34
2020-01-14,134.36,134.36,134.36,134.36
2020-01-15,134.36,134.36,134.36,134.36
2020-01-16,134.36,134.36,134.36,134.36
2020-01-17,134.35,134.35,134.35,134.35
2020-01-20,134.4,134.4,134.4,134.4
2020-01-21,134.42,134.42,134.42,134.42
2020-01-22,134.43,134.43,134.43,134.43
2020-01-23,134.45,134.45,134.45,134.45
2020-01-24,134.48,134.48,134.48,134.48
2020-01-27,134.51,134.51,134.51,134.51
2020-01-28,134.52,134.52,134.52,134.52
2020-01-29,134.53,134.53,134.53,134.53
2020-01-30,134.52,134.52,134.52,134.52
2020-01-31,134.61,134.61,134.61,134.61
2020-02-03,134.61,134.61,134.61,134.61
2020-02-04,134.58,134.58,134.58,134.58
2020-02-05,134.58,134.58,134.58,134.58
2020-02-06,134.6,134.6,134.6,134.6
2020-02-07,134.67,134.67,134.67,134.67
2020-02-10,134.66,134.66,134.66,134.66
2020-02-11,134.66,134.66,134.66,134.66
2020-02-12,134.61,134.61,134.61,134.61
2020-02-13,134.61,134.61,134.61,134.61
2020-02-14,134.6,134.6,134.6,134.6
2020-02-17,134.62,134.62,134.62,134.62
2020-02-18,134.65,134.65,134.65,134.65
2020-02-19,134.69,134.69,134.69,134.69
2020-02-20,134.7,134.7,134.7,134.7
2020-02-21,134.74,134.74,134.74,134.74
2020-02-24,134.84,134.84,134.84,134.84
2020-02-25,134.83,134.83,134.83,134.83
2020-02-26,134.84,134.84,134.84,134.84
2020-02-27,134.85,134.85,134.85,134.85
2020-02-28,134.74,134.74,134.74,134.74
2020-03-02,134.73,134.73,134.73,134.73
2020-03-03,134.78,134.78,134.78,134.78
2020-03-04,134.86,134.86,134.86,134.86
2020-03-05,134.95,134.95,134.95,134.95
2020-03-06,134.91,134.91,134.91,134.91
2020-03-09,134.78,134.78,134.78,134.78
2020-03-10,134.4,134.4,134.4,134.4
2020-03-11,134.18,134.18,134.18,134.18
2020-03-12,133.84,133.84,133.84,133.84
2020-03-13,133.41,133.41,133.41,133.41
2020-03-16,133.25,133.25,133.25,133.25
2020-03-17,133.13,133.13,133.13,133.13
2020-03-18,132.41,132.41,132.41,132.41
2020-03-19,132.4,132.4,132.4,132.4
2020-03-20,132.46,132.46,132.46,132.46
2020-03-23,132,132,132,132
2020-03-24,131.86,131.86,131.86,131.86
2020-03-25,132.01,132.01,132.01,132.01
2020-03-26,132.02,132.02,132.02,132.02
2020-03-27,131.74,131.74,131.74,131.74
2020-03-30,131.87,131.87,131.87,131.87
2020-03-31,131.96,131.96,131.96,131.96
2020-04-01,132.01,132.01,132.01,132.01
2020-04-02,132,132,132,132
2020-04-03,132.07,132.07,132.07,132.07
2020-04-06,132.07,132.07,132.07,132.07
2020-04-07,132.1,132.1,132.1,132.1
2020-04-08,132.1,132.1,132.1,132.1
2020-04-09,132.23,132.23,132.23,132.23
2020-04-14,132.53,132.53,132.53,132.53
2020-04-15,132.71,132.71,132.71,132.71
2020-04-16,132.8,132.8,132.8,132.8
2020-04-17,132.72,132.72,132.72,132.72
2020-04-20,132.67,132.67,132.67,132.67
2020-04-21,132.92,132.92,132.92,132.92
2020-04-22,132.99,132.99,132.99,132.99
2020-04-23,132.98,132.98,132.98,132.98
2020-04-24,133.07,133.07,133.07,133.07
2020-04-27,133.11,133.11,133.11,133.11
2020-04-28,133.05,133.05,133.05,133.05
2020-04-29,133.15,133.15,133.15,133.15
2020-04-30,133.38,133.38,133.38,133.38
2020-05-04,133.27,133.27,133.27,133.27
2020-05-05,133.25,133.25,133.25,133.25
2020-05-06,133.24,133.24,133.24,133.24
2020-05-07,133.3,133.3,133.3,133.3
2020-05-08,133.33,133.33,133.33,133.33
2020-05-11,133.25,133.25,133.25,133.25
2020-05-12,133.27,133.27,133.27,133.27
