2012-02-10,7.984,7.984,7.984,7.984
2012-02-13,7.927,7.927,7.927,7.927
2012-02-14,7.927,7.927,7.927,7.927
2012-02-15,7.903,7.903,7.903,7.903
2012-02-16,7.952,7.952,7.952,7.952
2012-02-17,7.903,7.903,7.903,7.903
2012-02-19,7.903,7.903,7.903,7.903
2012-02-20,7.904,7.904,7.904,7.904
2012-02-21,7.968,7.968,7.968,7.968
2012-02-22,7.944,7.944,7.944,7.944
2012-02-24,7.92,7.92,7.92,7.92
2012-02-27,7.904,7.904,7.904,7.904
2012-02-28,8,8,8,8
2012-02-29,8.018,8.018,8.018,8.018
2012-03-02,8,8,8,8
2012-03-07,7.904,7.904,7.904,7.904
2012-03-11,7.872,7.872,7.872,7.872
2012-03-12,7.864,7.864,7.864,7.864
2012-03-13,7.79,7.79,7.79,7.79
2012-03-14,7.767,7.767,7.767,7.767
2012-03-15,7.76,7.76,7.76,7.76
2012-03-16,7.768,7.768,7.768,7.768
2012-03-17,7.768,7.768,7.768,7.768
2012-03-19,7.816,7.816,7.816,7.816
2012-03-20,7.832,7.832,7.832,7.832
2012-03-21,7.816,7.816,7.816,7.816
2012-03-22,7.873,7.873,7.873,7.873
2012-03-23,7.841,7.841,7.841,7.841
2012-03-26,7.825,7.825,7.825,7.825
2012-03-27,7.841,7.841,7.841,7.841
2012-03-28,7.856,7.856,7.856,7.856
2012-03-29,7.841,7.841,7.841,7.841
2012-03-30,7.825,7.825,7.825,7.825
2012-04-02,7.814,7.814,7.814,7.814
2012-04-03,7.801,7.801,7.801,7.801
2012-04-04,7.866,7.866,7.866,7.866
2012-04-05,7.89,7.89,7.89,7.89
2012-04-06,7.897,7.897,7.897,7.897
2012-04-08,7.897,7.897,7.897,7.897
2012-04-09,7.94,7.94,7.94,7.94
2012-04-10,8.013,8.013,8.013,8.013
2012-04-11,7.981,7.981,7.981,7.981
2012-04-12,7.973,7.973,7.973,7.973
2012-04-13,7.997,7.997,7.997,7.997
2012-04-16,8.021,8.021,8.021,8.021
2012-04-17,7.94,7.94,7.94,7.94
2012-04-18,7.973,7.973,7.973,7.973
2012-04-19,7.964,7.964,7.964,7.964
2012-04-20,7.908,7.908,7.908,7.908
2012-04-23,7.999,7.999,7.999,7.999
2012-04-24,7.996,7.996,7.996,7.996
2012-04-25,7.989,7.989,7.989,7.989
2012-04-26,7.999,7.999,7.999,7.999
2012-04-27,7.991,7.991,7.991,7.991
2012-04-28,7.971,7.971,7.971,7.971
2012-05-02,7.958,7.958,7.958,7.958
2012-05-03,7.951,7.951,7.951,7.951
2012-05-04,7.991,7.991,7.991,7.991
2012-05-05,7.99,7.99,7.99,7.99
2012-05-06,7.99,7.99,7.99,7.99
2012-05-07,8.073,8.073,8.073,8.073
2012-05-08,8.233,8.233,8.233,8.233
2012-05-10,8.014,8.014,8.014,8.014
2012-05-11,8.04,8.04,8.04,8.04
2012-05-12,8.03,8.03,8.03,8.03
2012-05-14,8.149,8.149,8.149,8.149
2012-05-15,8.183,8.183,8.183,8.183
2012-05-16,8.259,8.259,8.259,8.259
2012-05-17,8.412,8.412,8.412,8.412
2012-05-18,8.486,8.486,8.486,8.486
2012-05-21,8.533,8.533,8.533,8.533
2012-05-22,8.378,8.378,8.378,8.378
2012-05-23,8.586,8.586,8.586,8.586
2012-05-24,8.516,8.516,8.516,8.516
2012-05-25,8.56,8.56,8.56,8.56
2012-05-28,8.543,8.543,8.543,8.543
2012-05-29,8.474,8.474,8.474,8.474
2012-05-30,8.604,8.604,8.604,8.604
2012-05-31,8.706,8.706,8.706,8.706
2012-06-01,8.701,8.701,8.701,8.701
2012-06-04,8.701,8.701,8.701,8.701
2012-06-05,8.701,8.701,8.701,8.701
2012-06-06,8.481,8.481,8.481,8.481
2012-06-07,8.414,8.414,8.414,8.414
2012-06-08,8.553,8.553,8.553,8.553
2012-06-09,8.519,8.519,8.519,8.519
2012-06-13,8.632,8.632,8.632,8.632
2012-06-14,8.641,8.641,8.641,8.641
2012-06-15,8.554,8.554,8.554,8.554
2012-06-18,8.554,8.554,8.554,8.554
2012-06-19,8.555,8.555,8.555,8.555
2012-06-20,8.59,8.59,8.59,8.59
2012-06-21,8.581,8.581,8.581,8.581
2012-06-22,8.643,8.643,8.643,8.643
2012-06-25,8.652,8.652,8.652,8.652
2012-06-26,8.617,8.617,8.617,8.617
2012-06-27,8.582,8.582,8.582,8.582
2012-06-28,8.601,8.601,8.601,8.601
2012-06-29,8.46,8.46,8.46,8.46
2012-07-01,8.46,8.46,8.46,8.46
2012-07-02,8.322,8.322,8.322,8.322
2012-07-03,8.259,8.259,8.259,8.259
2012-07-04,8.22,8.22,8.22,8.22
2012-07-05,8.237,8.237,8.237,8.237
2012-07-06,8.225,8.225,8.225,8.225
2012-07-07,8.225,8.225,8.225,8.225
2012-07-08,8.225,8.225,8.225,8.225
2012-07-09,8.242,8.242,8.242,8.242
2012-07-10,8.198,8.198,8.198,8.198
2012-07-11,8.161,8.161,8.161,8.161
2012-07-12,8.11,8.11,8.11,8.11
2012-07-13,7.958,7.958,7.958,7.958
2012-07-16,7.942,7.942,7.942,7.942
2012-07-17,7.817,7.817,7.817,7.817
2012-07-18,7.817,7.817,7.817,7.817
2012-07-19,7.8,7.8,7.8,7.8
2012-07-20,7.959,7.959,7.959,7.959
2012-07-23,8.111,8.111,8.111,8.111
2012-07-24,8.077,8.077,8.077,8.077
2012-07-25,8.094,8.094,8.094,8.094
2012-07-26,7.951,7.951,7.951,7.951
2012-07-27,7.876,7.876,7.876,7.876
2012-07-30,7.892,7.892,7.892,7.892
2012-07-31,7.976,7.976,7.976,7.976
2012-08-01,7.867,7.867,7.867,7.867
2012-08-02,7.909,7.909,7.909,7.909
2012-08-03,7.884,7.884,7.884,7.884
2012-08-05,7.884,7.884,7.884,7.884
2012-08-06,7.842,7.842,7.842,7.842
2012-08-07,7.784,7.784,7.784,7.784
2012-08-08,7.826,7.826,7.826,7.826
2012-08-09,7.867,7.867,7.867,7.867
2012-08-10,7.859,7.859,7.859,7.859
2012-08-13,7.992,7.992,7.992,7.992
2012-08-14,7.826,7.826,7.826,7.826
2012-08-15,7.868,7.868,7.868,7.868
2012-08-16,7.859,7.859,7.859,7.859
2012-08-17,7.859,7.859,7.859,7.859
2012-08-20,7.86,7.86,7.86,7.86
2012-08-21,7.826,7.826,7.826,7.826
2012-08-22,7.86,7.86,7.86,7.86
2012-08-23,7.885,7.885,7.885,7.885
2012-08-24,7.86,7.86,7.86,7.86
2012-08-27,7.857,7.857,7.857,7.857
2012-08-28,7.885,7.885,7.885,7.885
2012-08-29,7.86,7.86,7.86,7.86
2012-08-30,7.869,7.869,7.869,7.869
2012-08-31,7.86,7.86,7.86,7.86
2012-09-03,7.827,7.827,7.827,7.827
2012-09-04,7.827,7.827,7.827,7.827
2012-09-05,7.81,7.81,7.793,7.81
2012-09-06,7.797,7.797,7.777,7.793
2012-09-07,7.785,7.827,7.752,7.777
2012-09-10,7.794,7.826,7.794,7.826
2012-09-11,7.811,7.811,7.76,7.76
2012-09-12,7.757,7.777,7.755,7.777
2012-09-13,7.777,7.794,7.76,7.769
2012-09-14,7.752,7.752,7.727,7.744
2012-09-17,7.752,7.752,7.744,7.752
2012-09-18,7.752,7.76,7.752,7.76
2012-09-19,7.76,7.81,7.76,7.777
2012-09-20,7.827,7.828,7.786,7.786
2012-09-21,7.761,7.761,7.761,7.761
2012-09-24,7.811,7.811,7.793,7.803
2012-09-25,7.786,7.786,7.786,7.786
2012-09-26,7.803,7.811,7.769,7.794
2012-09-27,7.794,7.794,7.786,7.793
2012-09-28,7.769,7.778,7.769,7.778
2012-10-01,7.795,7.795,7.795,7.795
2012-10-02,7.795,7.795,7.778,7.778
2012-10-03,7.778,7.778,7.761,7.778
2012-10-04,7.795,7.795,7.711,7.745
2012-10-05,7.711,7.711,7.628,7.645
2012-10-08,7.736,7.736,7.676,7.676
2012-10-09,7.661,7.661,7.661,7.661
2012-10-10,7.668,7.668,7.628,7.628
2012-10-11,7.587,7.587,7.537,7.583
2012-10-12,7.512,7.529,7.487,7.496
2012-10-15,7.504,7.529,7.455,7.455
2012-10-16,7.451,7.453,7.43,7.453
2012-10-17,7.373,7.373,7.348,7.348
2012-10-18,7.356,7.356,7.349,7.349
2012-10-19,7.356,7.356,7.349,7.349
2012-10-22,7.325,7.348,7.292,7.292
2012-10-23,7.332,7.496,7.332,7.447
2012-10-24,7.529,7.529,7.455,7.455
2012-10-25,7.397,7.431,7.389,7.405
2012-10-26,7.479,7.479,7.438,7.446
2012-10-29,7.428,7.428,7.428,7.428
2012-10-30,7.445,7.445,7.413,7.43
2012-10-31,7.38,7.396,7.375,7.396
2012-11-01,7.399,7.412,7.399,7.404
2012-11-02,7.405,7.412,7.379,7.38
2012-11-06,7.387,7.395,7.387,7.387
2012-11-07,7.362,7.387,7.362,7.387
2012-11-08,7.387,7.387,7.362,7.379
2012-11-09,7.363,7.363,7.362,7.363
2012-11-12,7.38,7.39,7.38,7.39
2012-11-13,7.39,7.39,7.39,7.39
2012-11-14,7.41,7.41,7.38,7.4
2012-11-15,7.37,7.38,7.37,7.38
2012-11-16,7.39,7.4,7.36,7.4
2012-11-19,7.34,7.34,7.3,7.3
2012-11-20,7.26,7.26,7.23,7.23
2012-11-21,7.14,7.16,7.08,7.09
2012-11-22,7.08,7.08,7.02,7.05
2012-11-23,7.1,7.1,7.08,7.08
2012-11-26,7.04,7.04,7.04,7.04
2012-11-27,7.07,7.07,7.04,7.04
2012-11-28,7.08,7.08,7.08,7.08
2012-11-29,7,7.02,7,7.02
2012-11-30,6.99,6.99,6.93,6.94
2012-12-03,6.91,6.93,6.91,6.93
2012-12-04,6.81,6.81,6.81,6.81
2012-12-05,6.87,6.9,6.87,6.87
2012-12-06,6.87,6.88,6.87,6.87
2012-12-07,6.83,6.84,6.83,6.84
2012-12-10,6.8,6.8,6.79,6.8
2012-12-11,6.74,6.74,6.72,6.72
2012-12-12,6.71,6.71,6.71,6.71
2012-12-13,6.71,6.71,6.71,6.71
2012-12-14,6.69,6.71,6.69,6.71
2012-12-17,6.72,6.72,6.72,6.72
2012-12-18,6.73,6.73,6.73,6.73
2012-12-19,6.75,6.75,6.75,6.75
2012-12-20,6.77,6.77,6.76,6.76
2012-12-21,6.76,6.76,6.76,6.76
2012-12-24,6.76,6.77,6.76,6.77
2012-12-27,6.8,6.8,6.8,6.8
2012-12-28,6.81,6.81,6.81,6.81
2013-01-09,6.73,6.8,6.61,6.61
2013-01-10,6.51,6.51,6.44,6.44
2013-01-11,6.55,6.64,6.55,6.64
2013-01-14,6.52,6.53,6.52,6.53
2013-01-15,6.56,6.59,6.56,6.59
2013-01-16,6.6,6.68,6.6,6.68
2013-01-17,6.7,6.7,6.66,6.66
2013-01-18,6.66,6.66,6.66,6.66
2013-01-21,6.63,6.63,6.63,6.63
2013-01-22,6.63,6.63,6.62,6.62
2013-01-23,6.63,6.63,6.63,6.63
2013-01-24,6.63,6.63,6.63,6.63
2013-01-25,6.63,6.63,6.63,6.63
2013-01-28,6.53,6.53,6.53,6.53
2013-01-29,6.53,6.53,6.53,6.53
2013-01-30,6.55,6.56,6.55,6.56
2013-01-31,6.63,6.63,6.59,6.59
2013-02-01,6.6,6.6,6.58,6.59
2013-02-04,6.59,6.59,6.59,6.59
2013-02-05,6.59,6.59,6.59,6.59
2013-02-06,6.6,6.6,6.58,6.59
2013-02-07,6.64,6.64,6.64,6.64
2013-02-08,6.57,6.57,6.57,6.57
2013-02-11,6.61,6.61,6.56,6.58
2013-02-12,6.58,6.58,6.58,6.58
2013-02-13,6.58,6.58,6.58,6.58
2013-02-14,6.59,6.61,6.59,6.61
2013-02-15,6.63,6.63,6.61,6.61
2013-02-18,6.61,6.61,6.61,6.61
2013-02-19,6.64,6.64,6.64,6.64
2013-02-20,6.63,6.63,6.61,6.61
2013-02-21,6.7,6.7,6.7,6.7
2013-02-22,6.69,6.69,6.69,6.69
2013-02-25,6.69,6.69,6.69,6.69
2013-02-26,6.69,6.69,6.69,6.69
2013-02-27,6.69,6.69,6.69,6.69
2013-02-28,6.7,6.7,6.7,6.7
2013-03-01,6.7,6.7,6.7,6.7
2013-03-04,6.72,6.72,6.7,6.7
2013-03-05,6.7,6.7,6.7,6.7
2013-03-06,6.7,6.7,6.7,6.7
2013-03-07,6.7,6.7,6.7,6.7
2013-03-11,6.76,6.76,6.76,6.76
2013-03-12,6.76,6.76,6.76,6.76
2013-03-13,6.76,6.76,6.76,6.76
2013-03-14,6.79,6.83,6.79,6.83
2013-03-15,6.83,6.83,6.83,6.83
2013-03-18,6.9,6.9,6.9,6.9
2013-03-19,6.9,6.9,6.9,6.9
2013-03-20,6.9,6.9,6.9,6.9
2013-03-21,6.9,6.9,6.9,6.9
2013-03-22,6.9,6.9,6.9,6.9
2013-03-25,6.94,6.94,6.94,6.94
2013-03-26,6.96,6.96,6.94,6.94
2013-03-27,6.94,6.94,6.94,6.94
2013-03-28,6.92,6.92,6.88,6.88
2013-04-01,6.89,6.9,6.89,6.9
2013-04-02,7.12,7.13,7.1,7.1
2013-04-03,7.1,7.1,7.1,7.1
2013-04-04,7.13,7.13,7.08,7.1
2013-04-05,7.01,7.01,6.96,6.96
2013-04-08,6.84,6.86,6.84,6.85
2013-04-09,6.81,6.84,6.81,6.83
2013-04-10,6.82,6.82,6.78,6.78
2013-04-11,6.78,6.79,6.78,6.79
2013-04-12,6.83,6.83,6.83,6.83
2013-04-15,6.91,6.94,6.91,6.92
2013-04-16,6.92,6.92,6.92,6.92
2013-04-17,6.94,6.96,6.94,6.96
2013-04-18,6.99,6.99,6.85,6.86
2013-04-19,6.86,6.86,6.74,6.79
2013-04-22,6.78,6.81,6.78,6.79
2013-04-23,6.79,6.79,6.69,6.69
2013-04-24,6.69,6.69,6.63,6.67
2013-04-25,6.67,6.7,6.63,6.65
2013-04-26,6.65,6.65,6.61,6.63
2013-04-29,6.63,6.63,6.63,6.63
2013-04-30,6.56,6.56,6.53,6.53
2013-05-02,6.53,6.53,6.53,6.53
2013-05-03,6.53,6.53,6.53,6.53
2013-05-06,6.48,6.48,6.48,6.48
2013-05-07,6.48,6.5,6.47,6.47
2013-05-08,6.48,6.48,6.46,6.46
2013-05-10,6.46,6.46,6.46,6.46
2013-05-13,6.51,6.6,6.51,6.6
2013-05-14,6.65,6.68,6.61,6.61
2013-05-15,6.61,6.61,6.61,6.61
2013-05-16,6.66,6.67,6.65,6.67
2013-05-17,6.67,6.67,6.62,6.64
2013-05-20,6.64,6.64,6.63,6.63
2013-05-21,6.65,6.7,6.64,6.68
2013-05-22,6.68,6.83,6.68,6.81
2013-05-23,6.81,6.95,6.81,6.94
2013-05-24,6.99,6.99,6.96,6.99
2013-05-27,6.99,6.99,6.98,6.98
2013-05-28,6.98,7,6.96,7
2013-05-29,7,7.11,7,7.11
2013-05-30,7.11,7.27,7.1,7.27
2013-05-31,7.27,7.34,7.23,7.32
2013-06-03,7.35,7.35,7.35,7.35
2013-06-04,7.35,7.35,7.27,7.27
2013-06-05,7.21,7.24,7.21,7.21
2013-06-06,7.23,7.35,7.23,7.35
2013-06-07,7.39,7.44,7.39,7.44
2013-06-10,7.41,7.52,7.41,7.52
2013-06-11,7.52,7.57,7.52,7.57
2013-06-13,7.7,7.72,7.63,7.63
2013-06-14,7.53,7.53,7.53,7.53
2013-06-17,7.32,7.37,7.32,7.34
2013-06-18,7.35,7.41,7.35,7.41
2013-06-19,7.48,7.52,7.47,7.51
2013-06-20,7.51,7.73,7.51,7.66
2013-06-21,7.66,7.78,7.66,7.78
2013-06-24,7.78,8.35,7.78,8.17
2013-06-25,8.17,8.17,7.97,8
2013-06-26,8,8.06,7.98,7.98
2013-06-27,7.98,7.98,7.7,7.7
2013-06-28,7.54,7.63,7.54,7.62
2013-07-01,7.62,7.66,7.47,7.47
2013-07-02,7.47,7.47,7.33,7.34
2013-07-03,7.36,7.46,7.36,7.42
2013-07-04,7.46,7.46,7.41,7.41
2013-07-05,7.43,7.46,7.41,7.46
2013-07-08,7.46,7.46,7.46,7.46
2013-07-09,7.46,7.46,7.46,7.46
2013-07-10,7.41,7.5,7.38,7.5
2013-07-11,7.5,7.5,7.38,7.39
2013-07-12,7.41,7.43,7.35,7.4
2013-07-15,7.4,7.4,7.3,7.3
2013-07-16,7.3,7.3,7.18,7.2
2013-07-17,7.2,7.26,7.17,7.17
2013-07-18,7.17,7.2,7.15,7.19
2013-07-19,7.19,7.2,7.17,7.18
2013-07-22,7.18,7.2,7.17,7.17
2013-07-23,7.17,7.2,7.17,7.2
2013-07-24,7.2,7.24,7.2,7.23
2013-07-26,7.33,7.39,7.33,7.39
2013-07-29,7.39,7.46,7.37,7.42
2013-07-30,7.42,7.44,7.42,7.44
2013-07-31,7.44,7.44,7.44,7.44
2013-08-01,7.53,7.53,7.37,7.41
2013-08-02,7.41,7.51,7.38,7.38
2013-08-05,7.38,7.38,7.38,7.38
2013-08-06,7.38,7.38,7.38,7.38
2013-08-07,7.4,7.4,7.37,7.37
2013-08-08,7.37,7.37,7.3,7.33
2013-08-09,7.33,7.38,7.32,7.35
2013-08-12,7.35,7.35,7.33,7.33
2013-08-13,7.34,7.41,7.32,7.41
2013-08-14,7.41,7.41,7.41,7.41
2013-08-15,7.41,7.43,7.35,7.41
2013-08-16,7.41,7.41,7.37,7.38
2013-08-19,7.41,7.48,7.41,7.45
2013-08-20,7.45,7.52,7.45,7.52
2013-08-21,7.52,7.57,7.52,7.57
2013-08-22,7.62,7.83,7.62,7.75
2013-08-23,7.75,7.75,7.65,7.68
2013-08-26,7.68,7.68,7.62,7.64
2013-08-27,7.63,7.78,7.63,7.76
2013-08-28,7.76,7.8,7.76,7.8
2013-08-29,7.8,7.81,7.75,7.75
2013-08-30,7.75,7.79,7.71,7.71
2013-09-02,7.71,7.75,7.67,7.71
2013-09-03,7.71,7.72,7.68,7.68
2013-09-04,7.68,7.75,7.66,7.66
2013-09-05,7.66,7.75,7.66,7.69
2013-09-06,7.69,7.72,7.64,7.69
2013-09-09,7.69,7.71,7.68,7.71
2013-09-10,7.71,7.71,7.63,7.65
2013-09-11,7.66,7.66,7.45,7.45
2013-09-12,7.45,7.45,7.37,7.39
2013-09-13,7.39,7.39,7.3,7.34
2013-09-16,7.34,7.34,7.24,7.3
2013-09-17,7.32,7.43,7.3,7.41
2013-09-18,7.41,7.42,7.35,7.36
2013-09-19,7.12,7.15,7.12,7.15
2013-09-20,7.15,7.19,7.15,7.19
2013-09-23,7.22,7.25,7.21,7.24
2013-09-24,7.24,7.26,7.18,7.24
2013-09-25,7.24,7.26,7.24,7.24
2013-09-26,7.24,7.26,7.24,7.25
2013-09-27,7.25,7.34,7.25,7.27
2013-09-30,7.29,7.31,7.29,7.31
2013-10-01,7.31,7.33,7.29,7.32
2013-10-02,7.32,7.33,7.31,7.31
2013-10-03,7.31,7.31,7.24,7.26
2013-10-04,7.26,7.28,7.26,7.26
2013-10-07,7.25,7.27,7.25,7.27
2013-10-08,7.27,7.27,7.27,7.27
2013-10-09,7.28,7.29,7.27,7.29
2013-10-10,7.29,7.34,7.29,7.34
2013-10-11,7.34,7.34,7.29,7.3
2013-10-14,7.3,7.31,7.29,7.31
2013-10-15,7.37,7.37,7.36,7.36
2013-10-16,7.36,7.38,7.32,7.32
2013-10-17,7.31,7.31,7.28,7.29
2013-10-18,7.29,7.29,7.21,7.21
2013-10-21,7.21,7.24,7.21,7.24
2013-10-22,7.22,7.22,7.17,7.17
2013-10-23,7.17,7.17,7.17,7.17
2013-10-24,7.17,7.19,7.14,7.17
2013-10-25,7.17,7.21,7.14,7.2
2013-10-28,7.2,7.22,7.16,7.17
2013-10-29,7.17,7.23,7.17,7.21
2013-10-30,7.21,7.22,7.15,7.16
2013-10-31,7.16,7.2,7.15,7.15
2013-11-01,7.15,7.25,7.15,7.25
2013-11-05,7.25,7.27,7.24,7.27
2013-11-06,7.27,7.33,7.25,7.31
2013-11-07,7.31,7.34,7.29,7.3
2013-11-08,7.3,7.44,7.3,7.43
2013-11-11,7.43,7.48,7.43,7.47
2013-11-12,7.47,7.59,7.47,7.58
2013-11-13,7.61,7.61,7.58,7.59
2013-11-14,7.59,7.59,7.57,7.58
2013-11-15,7.58,7.58,7.54,7.54
2013-11-18,7.56,7.56,7.56,7.56
2013-11-19,7.56,7.56,7.56,7.56
2013-11-20,7.56,7.62,7.54,7.59
2013-11-21,7.59,7.67,7.59,7.66
2013-11-22,7.66,7.66,7.59,7.63
2013-11-25,7.61,7.66,7.61,7.66
2013-11-26,7.66,7.74,7.66,7.72
2013-11-27,7.69,7.79,7.68,7.76
2013-11-28,7.76,7.82,7.76,7.82
2013-11-29,7.82,7.84,7.8,7.81
2013-12-02,7.82,7.82,7.8,7.82
2013-12-03,7.84,7.87,7.84,7.84
2013-12-04,7.82,7.84,7.81,7.84
2013-12-05,7.81,7.82,7.79,7.8
2013-12-06,7.8,7.81,7.76,7.76
2013-12-09,7.79,7.79,7.67,7.67
2013-12-10,7.67,7.71,7.67,7.69
2013-12-11,7.69,7.71,7.66,7.68
2013-12-12,7.68,7.74,7.67,7.73
2013-12-13,7.72,7.73,7.72,7.72
2013-12-16,7.72,7.73,7.72,7.72
2013-12-17,7.72,7.74,7.72,7.72
2013-12-18,7.72,7.73,7.72,7.73
2013-12-19,7.73,7.73,7.69,7.7
2013-12-20,7.7,7.73,7.69,7.72
2013-12-23,7.72,7.72,7.71,7.71
2013-12-24,7.71,7.71,7.69,7.7
2013-12-25,7.7,7.76,7.7,7.73
2013-12-26,7.73,7.76,7.69,7.69
2013-12-27,7.69,7.7,7.69,7.7
2014-01-09,7.71,7.76,7.7,7.75
2014-01-10,7.75,7.76,7.75,7.75
2014-01-13,7.76,7.76,7.75,7.76
2014-01-14,7.76,7.77,7.75,7.77
2014-01-15,7.77,7.8,7.77,7.79
2014-01-16,7.86,7.86,7.84,7.84
2014-01-17,7.84,7.86,7.81,7.81
2014-01-20,7.86,7.87,7.85,7.86
2014-01-21,7.86,7.88,7.85,7.87
2014-01-22,7.87,7.88,7.85,7.88
2014-01-23,7.88,7.9,7.88,7.9
2014-01-24,7.9,8.07,7.89,8.04
2014-01-27,8.04,8.15,8.03,8.12
2014-01-28,8.12,8.13,8.04,8.04
2014-01-29,8.04,8.37,8.04,8.37
2014-01-30,8.35,8.53,8.35,8.37
2014-01-31,8.42,8.44,8.34,8.39
2014-02-03,8.43,8.43,8.23,8.23
2014-02-04,8.23,8.37,8.17,8.17
2014-02-05,8.17,8.17,8,8.04
2014-02-06,8.04,8.04,7.97,7.97
2014-02-07,8.03,8.04,7.99,8.01
2014-02-10,8.03,8.03,7.99,8.03
2014-02-11,8.06,8.1,8.03,8.1
2014-02-12,8.05,8.06,8.03,8.06
2014-02-13,8.06,8.14,8.06,8.14
2014-02-14,8.14,8.22,8.11,8.16
2014-02-17,8.16,8.17,8.16,8.17
2014-02-18,8.17,8.22,8.15,8.19
2014-02-19,8.19,8.37,8.19,8.35
2014-02-20,8.36,8.43,8.36,8.4
2014-02-21,8.4,8.42,8.33,8.33
2014-02-24,8.33,8.33,8.26,8.26
2014-02-25,8.27,8.27,8.24,8.24
2014-02-26,8.24,8.37,8.24,8.37
2014-02-27,8.37,8.39,8.32,8.39
2014-02-28,8.39,8.39,8.33,8.33
2014-03-03,8.33,8.87,8.33,8.87
2014-03-04,8.87,8.87,8.66,8.66
2014-03-05,8.66,8.66,8.57,8.57
2014-03-06,8.57,8.75,8.57,8.75
2014-03-07,8.75,8.75,8.69,8.7
2014-03-11,8.74,8.93,8.71,8.93
2014-03-12,8.93,9.25,8.93,9.25
2014-03-13,9.25,9.42,9.25,9.42
2014-03-14,9.42,9.42,9.42,9.42
2014-03-17,9.57,9.57,9.57,9.57
2014-03-18,9.57,9.57,9.29,9.29
2014-03-19,9.29,9.29,9.06,9.23
2014-03-20,9.23,9.31,9.23,9.31
2014-03-21,9.31,9.62,9.31,9.48
2014-03-24,9.42,9.42,9.29,9.35
2014-03-25,9.35,9.35,9.15,9.17
2014-03-26,9.17,9.2,9.06,9.06
2014-03-27,9.06,9.18,9.06,9.18
2014-03-28,9.18,9.22,9.17,9.17
2014-03-31,9.09,9.1,8.93,8.93
2014-04-01,8.8,8.86,8.79,8.86
2014-04-02,8.86,8.99,8.8,8.97
2014-04-03,8.97,9.02,8.93,9.01
2014-04-04,8.93,8.93,8.83,8.84
2014-04-07,8.81,9.1,8.81,8.98
2014-04-08,8.98,8.98,8.85,8.86
2014-04-09,8.86,8.92,8.85,8.92
2014-04-10,8.92,8.92,8.81,8.87
2014-04-11,8.87,8.94,8.84,8.93
2014-04-14,8.89,9.16,8.89,9.08
2014-04-15,9.08,9.21,8.98,9.12
2014-04-16,9.12,9.15,9.06,9.15
2014-04-17,9.15,9.24,9.05,9.12
2014-04-18,9.12,9.12,8.9,8.99
2014-04-22,9.02,9.19,8.97,9.19
2014-04-23,9.19,9.19,9.09,9.17
2014-04-24,9.17,9.29,9.17,9.25
2014-04-25,9.25,9.63,9.25,9.63
2014-04-28,9.63,9.7,9.53,9.53
2014-04-29,9.53,9.53,9.46,9.49
2014-04-30,9.49,9.5,9.47,9.47
2014-05-05,9.46,9.54,9.46,9.54
2014-05-06,9.52,9.52,9.37,9.37
2014-05-07,9.37,9.4,9.13,9.13
2014-05-08,9.13,9.13,8.95,9.05
2014-05-12,9.05,9.05,8.98,9.04
2014-05-13,9.04,9.04,8.96,8.97
2014-05-14,8.97,9.02,8.92,8.95
2014-05-15,8.95,8.97,8.9,8.94
2014-05-16,8.94,8.99,8.94,8.97
2014-05-19,8.99,8.99,8.95,8.95
2014-05-20,8.95,8.99,8.88,8.88
2014-05-21,8.88,8.99,8.75,8.77
2014-05-22,8.77,8.85,8.72,8.77
2014-05-23,8.77,8.77,8.7,8.7
2014-05-26,8.62,8.62,8.6,8.6
2014-05-27,8.6,8.77,8.6,8.77
2014-05-28,8.82,8.88,8.77,8.86
2014-05-29,8.86,8.86,8.65,8.65
2014-05-30,8.65,8.73,8.6,8.6
2014-06-02,8.59,8.65,8.55,8.55
2014-06-03,8.55,8.63,8.55,8.62
2014-06-04,8.62,8.62,8.55,8.57
2014-06-05,8.57,8.57,8.43,8.47
2014-06-06,8.47,8.5,8.35,8.35
2014-06-09,8.33,8.38,8.33,8.38
2014-06-10,8.38,8.43,8.35,8.43
2014-06-11,8.43,8.45,8.43,8.43
2014-06-16,8.43,8.66,8.43,8.55
2014-06-17,8.55,8.65,8.55,8.63
2014-06-18,8.63,8.65,8.6,8.63
2014-06-19,8.63,8.63,8.47,8.47
2014-06-20,8.47,8.53,8.47,8.52
2014-06-23,8.53,8.53,8.48,8.48
2014-06-24,8.48,8.48,8.43,8.43
2014-06-25,8.43,8.43,8.39,8.4
2014-06-26,8.4,8.43,8.35,8.39
2014-06-27,8.36,8.43,8.36,8.43
2014-06-30,8.33,8.33,8.33,8.33
2014-07-01,8.33,8.49,8.33,8.45
2014-07-02,8.45,8.45,8.33,8.42
2014-07-03,8.42,8.52,8.38,8.4
2014-07-04,8.4,8.4,8.4,8.4
2014-07-07,8.45,8.49,8.45,8.47
2014-07-08,8.47,8.52,8.44,8.44
2014-07-09,8.44,8.44,8.43,8.43
2014-07-10,8.43,8.53,8.43,8.52
2014-07-11,8.52,8.58,8.52,8.58
2014-07-14,8.6,8.6,8.6,8.6
2014-07-15,8.6,8.61,8.58,8.58
2014-07-16,8.58,8.68,8.58,8.68
2014-07-17,8.68,9.03,8.68,9.01
2014-07-18,9,9.03,8.94,8.97
2014-07-21,9.07,9.16,9.07,9.16
2014-07-22,9.16,9.16,9.03,9.03
2014-07-23,9.03,9.03,9,9.03
2014-07-24,9.03,9.07,9.03,9.05
2014-07-25,9.05,9.25,9.05,9.21
2014-07-28,9.22,9.33,9.22,9.29
2014-07-29,9.29,9.52,9.28,9.52
2014-07-30,9.52,9.53,9.41,9.46
2014-07-31,9.46,9.54,9.45,9.51
2014-08-01,9.51,9.64,9.51,9.62
2014-08-04,9.65,9.7,9.6,9.7
2014-08-05,9.7,9.79,9.66,9.66
2014-08-06,9.66,9.93,9.66,9.84
2014-08-07,9.92,9.96,9.82,9.84
2014-08-08,9.84,9.94,9.83,9.85
2014-08-11,9.91,9.92,9.47,9.48
2014-08-12,9.48,9.59,9.36,9.38
2014-08-13,9.44,9.51,9.33,9.37
2014-08-14,9.37,9.43,9.28,9.29
2014-08-15,9.34,9.34,9.2,9.22
2014-08-18,9.27,9.3,9.18,9.23
2014-08-19,9.23,9.36,9.23,9.24
2014-08-20,9.24,9.36,9.23,9.28
2014-08-21,9.28,9.4,9.22,9.23
2014-08-22,9.23,9.38,9.22,9.33
2014-08-25,9.39,9.39,9.32,9.32
2014-08-26,9.33,9.38,9.25,9.25
2014-08-27,9.25,9.35,9.25,9.31
2014-08-28,9.31,9.67,9.31,9.65
2014-08-29,9.65,9.79,9.65,9.74
2014-09-01,9.74,9.92,9.74,9.79
2014-09-02,9.79,9.9,9.74,9.81
2014-09-03,9.91,9.91,9.43,9.46
2014-09-04,9.46,9.6,9.46,9.47
2014-09-05,9.56,9.56,9.44,9.45
2014-09-08,9.56,9.56,9.52,9.52
2014-09-09,9.52,9.56,9.52,9.54
2014-09-10,9.54,9.64,9.54,9.64
2014-09-11,9.64,9.76,9.64,9.73
2014-09-12,9.73,9.79,9.73,9.79
2014-09-15,9.79,9.8,9.76,9.76
2014-09-16,9.76,9.82,9.7,9.82
2014-09-17,9.82,9.82,9.68,9.73
2014-09-18,9.73,9.73,9.54,9.57
2014-09-19,9.57,9.58,9.56,9.57
2014-09-22,9.56,9.57,9.54,9.54
2014-09-23,9.54,9.54,9.45,9.48
2014-09-24,9.48,9.5,9.31,9.32
2014-09-25,9.32,9.43,9.26,9.29
2014-09-26,9.29,9.47,9.29,9.44
2014-09-29,9.45,9.46,9.36,9.44
2014-09-30,9.44,9.5,9.35,9.4
2014-10-01,9.4,9.54,9.38,9.42
2014-10-02,9.48,9.5,9.38,9.4
2014-10-03,9.48,9.57,9.44,9.57
2014-10-06,9.59,9.59,9.52,9.59
2014-10-07,9.59,9.69,9.56,9.57
2014-10-08,9.57,9.71,9.57,9.65
2014-10-09,9.77,9.77,9.66,9.7
2014-10-10,9.7,9.9,9.7,9.77
2014-10-13,9.77,9.92,9.77,9.77
2014-10-14,9.77,10.06,9.77,9.87
2014-10-15,9.87,10,9.84,9.84
2014-10-16,9.84,9.98,9.79,9.93
2014-10-17,9.93,10.03,9.84,9.9
2014-10-20,9.86,9.88,9.83,9.83
2014-10-21,9.83,9.86,9.76,9.76
2014-10-22,9.76,9.77,9.7,9.76
2014-10-23,9.76,9.92,9.76,9.92
2014-10-24,9.92,9.98,9.85,9.85
2014-10-27,9.85,9.99,9.82,9.99
2014-10-28,9.99,10.05,9.85,10.03
2014-10-29,10.03,10.22,9.94,10.22
2014-10-30,10.22,10.22,9.83,9.83
2014-10-31,9.83,10.07,9.79,9.99
2014-11-03,10,10.09,10,10.07
2014-11-05,10.07,10.15,9.93,10.05
2014-11-06,10.05,10.15,9.94,10.15
2014-11-07,10.15,10.3,10.09,10.19
2014-11-10,10.13,10.13,10.01,10.01
2014-11-11,10.01,10.15,10.01,10.11
2014-11-12,10.11,10.22,10.11,10.12
2014-11-13,10.12,10.31,10.12,10.24
2014-11-14,10.24,10.33,10.24,10.27
2014-11-17,10.3,10.41,10.3,10.32
2014-11-18,10.32,10.41,10.26,10.31
2014-11-19,10.31,10.41,10.28,10.28
2014-11-20,10.28,10.32,10.2,10.25
2014-11-21,10.25,10.26,10.15,10.21
2014-11-24,10.2,10.2,10.16,10.19
2014-11-25,10.19,10.32,10.19,10.32
2014-11-26,10.32,10.43,10.28,10.41
2014-11-27,10.41,10.52,10.41,10.52
2014-11-28,10.52,10.71,10.52,10.61
2014-12-01,10.61,10.82,10.61,10.69
2014-12-02,10.69,10.78,10.67,10.74
2014-12-03,10.74,11.04,10.74,11.04
2014-12-04,11.04,11.32,10.91,11.32
2014-12-05,11.32,12.04,11.22,12.03
2014-12-08,12.06,12.84,11.99,12.84
2014-12-09,12.84,12.97,12.84,12.92
2014-12-10,12.92,12.95,12.6,12.85
2014-12-11,12.85,12.95,12.21,12.4
2014-12-12,12.4,12.99,12.4,12.99
2014-12-15,13.01,13.2,13.01,13.2
2014-12-16,13.2,16.54,13.2,16.24
2014-12-17,16.24,16.29,13.5,13.5
2014-12-18,13.51,13.65,13.51,13.51
2014-12-19,13.51,13.78,13.51,13.51
2014-12-22,13.65,13.65,13.12,13.12
2014-12-23,13.12,13.19,12.99,13.19
2014-12-24,13.38,13.57,13.38,13.57
2014-12-25,13.57,13.79,13.39,13.79
2014-12-26,13.79,13.79,13.39,13.79
2014-12-29,13.41,13.82,13.41,13.82
2014-12-30,13.82,14.09,13.82,14.09
2015-01-12,14.67,15.26,14.59,15.26
2015-01-13,15.26,16.3,15.26,16.05
2015-01-14,16.05,16.22,15.42,15.42
2015-01-15,15.42,15.42,14.68,14.68
2015-01-16,14.68,15.03,14.25,14.39
2015-01-19,14.39,14.39,14.11,14.12
2015-01-20,14.12,14.24,14.04,14.24
2015-01-21,14.24,14.32,14.11,14.14
2015-01-22,14.14,14.26,13.91,13.91
2015-01-23,13.91,14.05,13.77,13.84
2015-01-26,13.84,14.26,13.84,14.26
2015-01-27,14.26,14.55,14.26,14.4
2015-01-28,14.4,14.4,14.12,14.26
2015-01-29,14.26,14.41,14.26,14.35
2015-01-30,14.35,14.35,13.77,13.91
2015-02-02,14.13,14.13,13.45,13.65
2015-02-03,13.65,13.65,13.05,13.12
2015-02-04,13.12,13.3,13,13.3
2015-02-05,13.3,13.51,12.83,12.83
2015-02-06,12.83,12.93,12.66,12.93
2015-02-09,13,13,12.78,12.8
2015-02-10,12.8,12.86,12.55,12.75
2015-02-11,12.75,12.93,12.75,12.93
2015-02-12,12.93,12.94,12.63,12.76
2015-02-13,12.76,12.79,12.27,12.27
2015-02-16,12.17,12.31,12.13,12.13
2015-02-17,12.13,12.31,12.07,12.12
2015-02-18,12.19,12.19,12.01,12.12
2015-02-19,12.15,12.57,12.14,12.57
2015-02-20,12.45,12.82,12.37,12.57
2015-02-24,12.6,13.24,12.6,13.24
2015-02-25,13.24,13.35,13.09,13.22
2015-02-26,13.17,13.27,13.04,13.22
2015-02-27,13.22,13.49,13.17,13.41
2015-03-02,13.41,13.68,13.41,13.68
2015-03-03,13.68,13.68,13.56,13.63
2015-03-04,13.63,13.63,13.22,13.42
2015-03-05,13.42,13.42,12.97,13.1
2015-03-06,13.1,13.1,12.78,13
2015-03-10,13.13,13.34,13.1,13.34
2015-03-11,13.34,13.37,13.05,13.08
2015-03-12,13.08,13.08,12.92,12.95
2015-03-13,12.95,13.11,12.85,13.11
2015-03-16,13.11,13.37,13.11,13.37
2015-03-17,13.37,13.46,13.24,13.46
2015-03-18,13.46,13.48,13.38,13.38
2015-03-19,13.38,13.38,13.12,13.13
2015-03-20,13.13,13.25,12.92,12.92
2015-03-23,12.96,12.97,12.81,12.81
2015-03-24,12.81,12.99,12.76,12.8
2015-03-25,12.8,12.8,12.18,12.18
2015-03-26,12.18,12.18,11.75,11.93
2015-03-27,11.95,11.99,11.83,11.98
2015-03-30,11.87,11.97,11.87,11.9
2015-03-31,11.9,12.36,11.9,12.12
2015-04-01,12.12,12.12,11.71,11.82
2015-04-02,11.82,11.88,11.5,11.86
2015-04-03,11.86,12,11.81,11.81
2015-04-06,11.86,11.86,11.62,11.64
2015-04-07,11.64,11.76,11.64,11.76
2015-04-08,11.76,11.76,11.58,11.71
2015-04-09,11.71,11.77,11.25,11.25
2015-04-10,11.25,11.25,10.92,11.07
2015-04-13,10.96,11.14,10.92,10.98
2015-04-14,10.98,11.02,10.85,10.96
2015-04-15,10.96,10.96,10.52,10.57
2015-04-16,10.57,10.74,10.33,10.56
2015-04-17,10.56,11.08,10.56,10.97
2015-04-20,10.86,11.19,10.79,11
2015-04-21,11,11.14,10.95,11.14
2015-04-22,11.14,11.24,11.08,11.15
2015-04-23,11.15,11.26,11.04,11.13
2015-04-24,11.13,11.26,10.97,11.03
2015-04-27,11.09,11.2,11.09,11.2
2015-04-28,11.2,11.32,11.09,11.2
2015-04-29,11.2,11.21,10.98,11.03
2015-04-30,11.21,11.21,10.65,10.71
2015-05-05,10.71,10.71,10.59,10.69
2015-05-06,10.69,10.69,10.28,10.28
2015-05-07,10.28,10.6,10.28,10.54
2015-05-08,10.54,10.7,10.52,10.63
2015-05-12,10.63,10.81,10.61,10.79
2015-05-13,10.79,10.79,10.61,10.63
2015-05-14,10.63,10.77,10.63,10.66
2015-05-15,10.66,10.87,10.66,10.87
2015-05-18,10.7,10.77,10.55,10.59
2015-05-19,10.59,10.68,10.5,10.68
2015-05-20,10.68,10.77,10.55,10.72
2015-05-21,10.66,10.72,10.49,10.5
2015-05-22,10.5,10.56,10.39,10.49
2015-05-26,10.56,10.67,10.51,10.61
2015-05-27,10.61,10.72,10.56,10.67
2015-05-28,10.67,10.89,10.56,10.78
2015-05-29,10.78,10.84,10.66,10.7
2015-06-01,10.72,10.84,10.67,10.72
2015-06-02,10.69,10.74,10.65,10.65
2015-06-03,10.65,10.81,10.62,10.78
2015-06-04,10.78,11.12,10.78,11.12
2015-06-05,11.13,11.24,11.06,11.17
2015-06-08,11.17,11.17,10.97,11.06
2015-06-09,11.06,11.06,10.92,10.96
2015-06-10,10.96,10.96,10.69,10.72
2015-06-11,10.72,10.91,10.72,10.83
2015-06-15,10.84,10.91,10.84,10.9
2015-06-16,10.9,11.09,10.9,11.09
2015-06-17,11.09,11.14,11.04,11.14
2015-06-18,11.11,11.14,11.05,11.11
2015-06-19,11.11,11.14,11.11,11.13
2015-06-22,11.14,11.14,11.03,11.03
2015-06-23,11.03,11.08,10.98,10.98
2015-06-24,10.98,11.14,10.94,11.01
2015-06-25,11.01,11.12,10.94,11.07
2015-06-26,11.07,11.26,11.06,11.14
2015-06-29,11.15,11.31,11.15,11.17
2015-06-30,11.17,11.26,11.08,11.08
2015-07-01,11.16,11.16,11.01,11.08
2015-07-02,11.08,11.15,11.04,11.09
2015-07-03,11.09,11.15,11.04,11.07
2015-07-06,11.04,11.16,11.04,11.13
2015-07-07,11.13,11.3,11.13,11.27
2015-07-08,11.27,11.39,11.23,11.27
2015-07-09,11.27,11.39,11.11,11.12
2015-07-10,11.12,11.23,11,11.02
2015-07-13,11.03,11.05,10.98,11
2015-07-14,11,11.16,10.89,10.89
2015-07-15,10.89,10.99,10.76,10.82
2015-07-16,10.82,10.99,10.49,10.51
2015-07-17,10.51,10.6,10.25,10.45
2015-07-20,10.45,10.58,10.41,10.58
2015-07-21,10.58,10.66,10.56,10.63
2015-07-22,10.63,10.7,10.61,10.66
2015-07-23,10.66,10.74,10.65,10.71
2015-07-24,10.71,10.83,10.71,10.81
2015-07-27,10.81,11.18,10.81,11.18
2015-07-28,11.02,11.25,11,11.06
2015-07-29,11.06,11.3,10.73,10.73
2015-07-30,10.73,10.88,10.61,10.84
2015-07-31,10.84,10.93,10.77,10.91
2015-08-03,10.84,11.04,10.84,11.04
2015-08-04,11,11.13,10.89,10.96
2015-08-05,10.96,11.17,10.84,10.96
2015-08-06,11.02,11.17,10.91,11.12
2015-08-07,11.12,11.26,10.99,11.12
2015-08-10,11.12,11.26,11.01,11.12
2015-08-11,11.12,11.2,11.01,11.1
2015-08-12,11.13,11.19,11.01,11.1
2015-08-13,11.08,11.15,11.08,11.08
2015-08-14,11.08,11.32,11.08,11.15
2015-08-17,11.11,11.18,11.11,11.16
2015-08-18,11.16,11.2,11.13,11.16
2015-08-19,11.16,11.32,11.09,11.2
2015-08-20,11.2,11.56,11.2,11.52
2015-08-21,11.55,11.95,11.52,11.95
2015-08-24,11.95,12.3,11.95,12.24
2015-08-25,12.24,12.24,11.81,11.93
2015-08-26,11.93,12.08,11.86,11.91
2015-08-27,11.88,11.88,11.52,11.69
2015-08-28,11.69,11.91,11.38,11.72
2015-08-31,11.72,11.93,11.62,11.79
2015-09-01,11.79,12.02,11.57,11.69
2015-09-02,11.69,11.94,11.67,11.94
2015-09-03,11.94,11.94,11.7,11.7
2015-09-04,11.7,11.8,11.7,11.75
2015-09-07,11.75,11.88,11.72,11.88
2015-09-08,11.88,11.95,11.73,11.73
2015-09-09,11.73,11.73,11.63,11.68
2015-09-10,11.68,11.73,11.58,11.61
2015-09-11,11.61,11.75,11.59,11.75
2015-09-14,11.59,11.7,11.55,11.59
2015-09-15,11.59,11.62,11.37,11.44
2015-09-16,11.44,11.49,11.33,11.37
2015-09-17,11.37,11.47,11.35,11.37
2015-09-18,11.37,11.38,11.31,11.38
2015-09-21,11.38,11.47,11.27,11.28
2015-09-22,11.28,11.34,11.24,11.34
2015-09-23,11.34,11.36,11.22,11.24
2015-09-24,11.22,11.42,11.22,11.41
2015-09-25,11.41,11.48,11.3,11.31
2015-09-28,11.31,11.39,11.29,11.35
2015-09-29,11.34,11.42,11.29,11.29
2015-09-30,11.32,11.32,11.18,11.22
2015-10-01,11.22,11.32,11.12,11.14
2015-10-02,11.14,11.23,11.13,11.2
2015-10-05,11.2,11.23,10.88,10.88
2015-10-06,10.94,11.02,10.59,10.6
2015-10-07,10.6,10.63,10.38,10.52
2015-10-08,10.52,10.54,10.5,10.5
2015-10-09,10.5,10.5,10.37,10.43
2015-10-12,10.4,10.56,10.39,10.56
2015-10-13,10.56,10.62,10.41,10.55
2015-10-14,10.49,10.64,10.45,10.46
2015-10-15,10.46,10.46,10.26,10.32
2015-10-16,10.37,10.37,10.11,10.11
2015-10-19,10.14,10.22,10.04,10.15
2015-10-20,10.13,10.26,10.13,10.18
2015-10-21,10.18,10.33,10.15,10.2
2015-10-22,10.2,10.35,10.07,10.09
2015-10-23,10.11,10.11,9.96,10.06
2015-10-26,10.07,10.08,10.01,10.02
2015-10-27,10.02,10.15,10.02,10.12
2015-10-28,10.12,10.18,10.01,10.02
2015-10-29,10.02,10.16,10.02,10.1
2015-10-30,10.12,10.21,10.05,10.05
2015-11-02,10.07,10.11,10.05,10.06
2015-11-03,10.06,10.15,9.76,9.76
2015-11-05,9.78,9.93,9.52,9.68
2015-11-06,9.67,9.84,9.57,9.8
2015-11-09,9.8,9.87,9.74,9.8
2015-11-10,9.79,9.88,9.71,9.71
2015-11-11,9.71,9.82,9.59,9.65
2015-11-12,9.65,9.93,9.61,9.82
2015-11-13,9.82,9.98,9.82,9.94
2015-11-16,9.94,10.04,9.89,9.94
2015-11-17,9.94,9.98,9.87,9.87
2015-11-18,9.87,9.88,9.7,9.77
2015-11-19,9.77,9.79,9.53,9.53
2015-11-20,9.53,9.64,9.47,9.59
2015-11-23,9.62,9.83,9.62,9.79
2015-11-24,9.79,10.03,9.76,9.93
2015-11-25,9.92,10.07,9.91,9.91
2015-11-26,9.94,9.94,9.78,9.86
2015-11-27,9.86,10,9.84,9.85
2015-11-30,9.85,9.98,9.84,9.85
2015-12-01,9.85,9.93,9.79,9.8
2015-12-02,9.8,9.85,9.75,9.78
2015-12-03,9.78,9.88,9.78,9.88
2015-12-04,9.88,9.95,9.82,9.85
2015-12-07,9.84,9.99,9.84,9.99
2015-12-08,9.96,10.06,9.92,9.99
2015-12-09,9.99,10.04,9.89,9.93
2015-12-10,9.93,9.98,9.88,9.91
2015-12-11,9.91,10,9.87,9.94
2015-12-14,9.94,10.13,9.94,10.07
2015-12-15,10.09,10.15,10,10.06
2015-12-16,10.05,10.12,9.96,10
2015-12-17,10.01,10.07,9.93,9.99
2015-12-18,9.99,9.99,9.92,9.92
2015-12-21,9.98,9.98,9.93,9.94
2015-12-22,9.94,10.05,9.94,9.96
2015-12-23,9.96,10.12,9.91,10.03
2015-12-24,10.03,10.05,9.86,9.87
2015-12-25,9.87,9.95,9.86,9.9
2015-12-28,9.95,9.95,9.82,9.83
2015-12-29,9.83,9.9,9.78,9.8
2015-12-30,9.82,9.83,9.72,9.74
2016-01-04,9.78,9.82,9.71,9.72
2016-01-05,9.74,9.78,9.71,9.74
2016-01-06,9.74,9.83,9.71,9.83
2016-01-11,9.92,10.3,9.85,10.3
2016-01-12,10.26,10.45,10.26,10.41
2016-01-13,10.41,10.49,10.37,10.45
2016-01-14,10.45,10.59,10.43,10.47
2016-01-15,10.47,10.77,10.47,10.67
2016-01-18,10.75,10.86,10.71,10.75
2016-01-19,10.89,10.89,10.47,10.61
2016-01-20,10.61,11.01,10.6,11
2016-01-21,11.07,11.11,10.92,10.98
2016-01-22,10.98,10.98,10.57,10.61
2016-01-27,10.44,10.48,10.34,10.35
2016-01-28,10.35,10.39,10.1,10.19
2016-01-29,10.2,10.32,10.13,10.3
2016-02-01,10.3,10.4,10.24,10.4
2016-02-02,10.4,10.58,10.38,10.51
2016-02-03,10.51,10.51,10.33,10.37
2016-02-04,10.37,10.37,10.22,10.24
2016-02-05,10.3,10.34,10.25,10.32
2016-02-08,10.26,10.4,10.26,10.37
2016-02-09,10.42,10.51,10.4,10.48
2016-02-10,10.48,10.57,10.41,10.41
2016-02-11,10.41,10.51,10.34,10.44
2016-02-12,10.51,10.51,10.38,10.39
2016-02-15,10.39,10.39,10.22,10.27
2016-02-16,10.27,10.34,10.19,10.32
2016-02-17,10.32,10.38,10.19,10.21
2016-02-18,10.21,10.29,10.02,10.05
2016-02-19,10.05,10.12,9.99,10.08
2016-02-22,10.07,10.07,10.05,10.06
2016-02-24,10.06,10.06,9.97,9.97
2016-02-25,9.97,10.02,9.74,9.82
2016-02-26,9.82,9.82,9.67,9.75
2016-02-29,9.67,9.81,9.67,9.68
2016-03-01,9.68,9.78,9.42,9.43
2016-03-02,9.43,9.46,9.38,9.43
2016-03-03,9.43,9.45,9.34,9.37
2016-03-04,9.37,9.39,9.27,9.34
2016-03-07,9.3,9.34,9.23,9.3
2016-03-08,9.3,9.33,9.2,9.29
2016-03-09,9.23,9.34,9.19,9.27
2016-03-10,9.27,9.34,9.23,9.34
2016-03-11,9.34,9.42,9.26,9.41
2016-03-14,9.41,9.54,9.32,9.48
2016-03-15,9.5,9.63,9.47,9.59
2016-03-16,9.59,9.59,9.49,9.49
2016-03-17,9.49,9.55,9.14,9.14
2016-03-18,9.14,9.16,9.02,9.05
2016-03-21,9.08,9.12,9.04,9.08
2016-03-22,9.08,9.13,9.04,9.08
2016-03-23,9.08,9.24,9.06,9.24
2016-03-24,9.24,9.37,9.24,9.3
2016-03-25,9.3,9.34,9.16,9.21
2016-03-28,9.25,9.25,9.15,9.17
2016-03-29,9.21,9.29,9.2,9.27
2016-03-30,9.28,9.28,9.08,9.14
2016-03-31,9.14,9.18,9.07,9.1
2016-04-01,9.12,9.18,9.1,9.16
2016-04-04,9.19,9.21,9.12,9.19
2016-04-05,9.18,9.26,9.18,9.24
2016-04-06,9.24,9.26,9.19,9.24
2016-04-07,9.24,9.38,9.19,9.34
2016-04-08,9.34,9.37,9.22,9.26
2016-04-11,9.25,9.3,9.22,9.24
2016-04-12,9.24,9.27,9.19,9.19
2016-04-13,9.19,9.27,9.19,9.24
2016-04-14,9.22,9.31,9.22,9.24
2016-04-15,9.24,9.29,9.22,9.27
2016-04-18,9.26,9.39,9.24,9.27
2016-04-19,9.27,9.28,9.14,9.18
2016-04-20,9.18,9.22,9.12,9.15
2016-04-21,9.15,9.18,9.06,9.17
2016-04-22,9.17,9.2,9.15,9.19
2016-04-25,9.19,9.25,9.19,9.25
2016-04-26,9.24,9.27,9.2,9.25
2016-04-27,9.25,9.27,9.18,9.21
2016-04-28,9.22,9.27,9.05,9.08
2016-04-29,9.08,9.08,8.83,8.88
2016-05-02,8.88,8.9,8.83,8.86
2016-05-03,8.86,8.91,8.85,8.86
2016-05-04,8.88,9.04,8.88,9
2016-05-05,9,9.02,8.96,8.98
2016-05-06,8.97,9,8.94,8.94
2016-05-09,8.97,8.97,8.9,8.94
2016-05-10,8.94,9,8.93,8.97
2016-05-11,8.98,8.99,8.83,8.85
2016-05-12,8.85,8.9,8.77,8.82
2016-05-13,8.82,8.84,8.76,8.79
2016-05-16,8.86,8.86,8.73,8.82
2016-05-17,8.82,8.84,8.74,8.79
2016-05-18,8.79,8.89,8.77,8.85
2016-05-19,8.84,9.01,8.84,8.93
2016-05-20,8.93,8.98,8.82,8.86
2016-05-23,8.9,8.9,8.84,8.87
2016-05-24,8.87,8.91,8.85,8.87
2016-05-25,8.88,8.92,8.79,8.85
2016-05-26,8.86,8.92,8.8,8.87
2016-05-27,8.87,8.92,8.85,8.88
2016-05-30,8.87,8.92,8.84,8.88
2016-05-31,8.87,8.92,8.84,8.88
2016-06-01,8.88,9.03,8.87,8.97
2016-06-02,8.97,9.03,8.96,8.99
2016-06-03,8.99,9.03,8.84,8.87
2016-06-06,8.85,8.92,8.69,8.7
2016-06-07,8.7,8.75,8.63,8.68
2016-06-08,8.67,8.69,8.61,8.64
2016-06-09,8.64,8.76,8.64,8.68
2016-06-10,8.68,8.73,8.56,8.63
2016-06-14,8.62,8.74,8.59,8.74
2016-06-15,8.74,8.76,8.68,8.69
2016-06-16,8.7,8.76,8.69,8.76
2016-06-17,8.76,8.76,8.68,8.7
2016-06-20,8.68,8.69,8.58,8.64
2016-06-21,8.64,8.65,8.58,8.63
2016-06-22,8.63,8.66,8.57,8.61
2016-06-23,8.61,8.64,8.55,8.58
2016-06-24,8.58,8.92,8.58,8.65
2016-06-27,8.64,8.69,8.51,8.55
2016-06-28,8.55,8.57,8.46,8.49
2016-06-29,8.49,8.49,8.4,8.43
2016-06-30,8.43,8.46,8.28,8.31
2016-07-01,8.31,8.34,8.13,8.23
2016-07-04,8.2,8.31,8.2,8.28
2016-07-05,8.26,8.4,8.26,8.39
2016-07-06,8.39,8.45,8.38,8.4
2016-07-07,8.4,8.41,8.33,8.4
2016-07-08,8.38,8.45,8.36,8.42
2016-07-11,8.4,8.42,8.37,8.37
2016-07-12,8.37,8.37,8.32,8.37
2016-07-13,8.31,8.43,8.31,8.43
2016-07-14,8.43,8.43,8.39,8.42
2016-07-15,8.42,8.47,8.4,8.44
2016-07-18,8.45,8.53,8.45,8.5
2016-07-19,8.5,8.55,8.47,8.52
2016-07-20,8.52,8.56,8.49,8.54
2016-07-21,8.54,8.56,8.53,8.56
2016-07-22,8.56,8.65,8.55,8.65
2016-07-25,8.65,8.67,8.62,8.67
2016-07-26,8.67,8.73,8.64,8.67
2016-07-27,8.7,8.75,8.58,8.66
2016-07-28,8.66,8.67,8.55,8.57
2016-07-29,8.57,8.64,8.41,8.41
2016-08-01,8.48,8.54,8.45,8.47
2016-08-02,8.47,8.56,8.45,8.53
2016-08-03,8.49,8.56,8.47,8.51
2016-08-04,8.51,8.56,8.48,8.5
2016-08-05,8.48,8.56,8.4,8.45
2016-08-08,8.42,8.5,8.32,8.35
2016-08-09,8.35,8.38,8.29,8.32
2016-08-10,8.32,8.38,8.24,8.31
2016-08-11,8.31,8.35,8.26,8.29
2016-08-12,8.29,8.38,8.26,8.38
2016-08-15,8.34,8.37,8.29,8.33
2016-08-16,8.33,8.37,8.29,8.35
2016-08-17,8.35,8.38,8.33,8.38
2016-08-18,8.38,8.4,8.3,8.33
2016-08-19,8.33,8.36,8.3,8.33
2016-08-22,8.32,8.39,8.3,8.38
2016-08-23,8.34,8.38,8.29,8.32
2016-08-24,8.3,8.36,8.29,8.36
2016-08-25,8.36,8.36,8.27,8.31
2016-08-26,8.31,8.33,8.24,8.28
2016-08-29,8.25,8.35,8.25,8.29
2016-08-30,8.29,8.32,8.23,8.26
2016-08-31,8.24,8.27,8.2,8.23
2016-09-01,8.23,8.23,8.19,8.23
2016-09-02,8.22,8.25,8.15,8.15
2016-09-05,8.17,8.19,8.12,8.15
2016-09-06,8.15,8.17,8.08,8.08
2016-09-07,8.08,8.17,7.97,8.03
2016-09-08,8.02,8.09,7.92,7.94
2016-09-09,7.94,8.09,7.92,8.09
2016-09-12,8.08,8.2,8.05,8.09
2016-09-13,8.09,8.14,8.06,8.11
2016-09-14,8.11,8.16,8.08,8.11
2016-09-15,8.11,8.17,8.08,8.12
2016-09-16,8.12,8.25,8.1,8.23
2016-09-19,8.22,8.28,8.21,8.28
2016-09-20,8.28,8.36,8.25,8.31
2016-09-21,8.28,8.36,8.16,8.17
2016-09-22,8.14,8.21,8.02,8.14
2016-09-23,8.11,8.21,8.09,8.2
2016-09-26,8.17,8.24,8.17,8.23
2016-09-27,8.23,8.25,8.16,8.24
2016-09-28,8.24,8.29,8.22,8.22
2016-09-29,8.23,8.23,8.14,8.16
2016-09-30,8.15,8.22,8.14,8.16
2016-10-03,8.16,8.21,8.07,8.09
2016-10-04,8.08,8.15,8.06,8.13
2016-10-05,8.13,8.18,8.09,8.18
2016-10-06,8.18,8.21,8.15,8.2
2016-10-07,8.21,8.25,8.18,8.24
2016-10-10,8.22,8.3,8.21,8.27
2016-10-11,8.27,8.34,8.24,8.33
2016-10-12,8.33,8.39,8.28,8.38
2016-10-13,8.38,8.45,8.35,8.38
2016-10-14,8.41,8.41,8.34,8.35
2016-10-17,8.35,8.54,8.35,8.54
2016-10-18,8.54,8.61,8.48,8.54
2016-10-19,8.54,8.55,8.39,8.43
2016-10-20,8.43,8.45,8.36,8.42
2016-10-21,8.37,8.43,8.31,8.36
2016-10-24,8.33,8.39,8.32,8.35
2016-10-25,8.35,8.4,8.33,8.39
2016-10-26,8.39,8.46,8.35,8.44
2016-10-27,8.39,8.52,8.39,8.52
2016-10-28,8.44,8.58,8.44,8.58
2016-10-31,8.61,8.61,8.53,8.59
2016-11-01,8.59,8.6,8.52,8.58
2016-11-02,8.58,8.65,8.54,8.65
2016-11-03,8.65,8.67,8.61,8.62
2016-11-07,8.63,8.64,8.48,8.49
2016-11-08,8.49,8.49,8.43,8.47
2016-11-09,8.47,8.49,8.43,8.49
2016-11-10,8.49,8.63,8.48,8.63
2016-11-11,8.71,8.96,8.69,8.9
2016-11-14,8.87,8.95,8.83,8.95
2016-11-15,8.95,8.95,8.75,8.78
2016-11-16,8.78,8.87,8.74,8.82
2016-11-17,8.81,8.85,8.73,8.77
2016-11-18,8.77,8.87,8.7,8.73
2016-11-21,8.73,8.76,8.71,8.71
2016-11-22,8.71,8.72,8.68,8.7
2016-11-23,8.69,8.82,8.67,8.82
2016-11-24,8.82,8.82,8.74,8.8
2016-11-25,8.8,8.89,8.79,8.87
2016-11-28,8.88,8.88,8.84,8.84
2016-11-29,8.9,8.92,8.88,8.89
2016-11-30,8.89,8.94,8.81,8.81
2016-12-01,8.81,8.83,8.75,8.76
2016-12-02,8.76,8.79,8.75,8.77
2016-12-05,8.77,8.78,8.7,8.73
2016-12-06,8.73,8.78,8.69,8.69
2016-12-07,8.69,8.69,8.59,8.62
2016-12-08,8.62,8.62,8.53,8.58
2016-12-09,8.58,8.62,8.55,8.55
2016-12-12,8.51,8.51,8.44,8.48
2016-12-13,8.48,8.53,8.45,8.47
2016-12-14,8.47,8.49,8.41,8.41
2016-12-15,8.41,8.58,8.41,8.55
2016-12-16,8.55,8.55,8.47,8.51
2016-12-19,8.51,8.51,8.47,8.51
2016-12-20,8.51,8.51,8.47,8.5
2016-12-21,8.5,8.56,8.47,8.51
2016-12-22,8.51,8.57,8.45,8.48
2016-12-23,8.48,8.55,8.45,8.51
2016-12-26,8.51,8.51,8.44,8.5
2016-12-27,8.5,8.51,8.45,8.46
2016-12-28,8.45,8.46,8.37,8.37
2016-12-29,8.36,8.36,8.35,8.35
2016-12-30,8.36,8.39,8.35,8.38
2017-01-03,8.4,8.4,8.33,8.35
2017-01-04,8.35,8.39,8.3,8.38
2017-01-05,8.4,8.4,8.31,8.31
2017-01-06,8.35,8.35,8.31,8.35
2017-01-09,8.35,8.35,8.12,8.14
2017-01-10,8.14,8.15,8.06,8.08
2017-01-11,8.08,8.11,8.07,8.11
2017-01-12,8.11,8.11,8,8
2017-01-13,8,8.03,7.97,8
2017-01-16,8.01,8.07,8.01,8.06
2017-01-17,8.07,8.07,8,8.03
2017-01-18,8.03,8.07,8.01,8.07
2017-01-19,8.07,8.11,8.07,8.08
2017-01-20,8.07,8.09,8.07,8.08
2017-01-23,8.12,8.12,8.06,8.07
2017-01-24,8.07,8.16,8.07,8.16
2017-01-25,8.16,8.29,8.14,8.26
2017-01-26,8.31,8.38,8.27,8.27
2017-01-27,8.27,8.27,8.15,8.15
2017-01-30,8.2,8.23,8.19,8.23
2017-01-31,8.23,8.28,8.15,8.18
2017-02-01,8.18,8.18,8.15,8.15
2017-02-02,8.15,8.15,8.03,8.06
2017-02-03,8.06,8.09,8.04,8.08
2017-02-06,8.08,8.09,8.08,8.08
2017-02-07,8.09,8.16,8.09,8.15
2017-02-08,8.08,8.16,8.07,8.11
2017-02-09,8.11,8.11,8.1,8.11
2017-02-10,8.11,8.16,8.02,8.05
2017-02-13,8.07,8.07,8,8.01
2017-02-14,8.01,8.07,8.01,8.07
2017-02-15,8.07,8.13,8.05,8.1
2017-02-16,8.1,8.16,8.06,8.16
2017-02-17,8.16,8.22,8.15,8.22
2017-02-20,8.22,8.24,8.16,8.19
2017-02-21,8.19,8.24,8.15,8.21
2017-02-22,8.21,8.25,8.16,8.21
2017-02-24,8.21,8.25,8.2,8.21
2017-02-27,8.25,8.25,8.21,8.21
2017-02-28,8.21,8.27,8.19,8.27
2017-03-01,8.32,8.32,8.21,8.23
2017-03-02,8.23,8.28,8.21,8.24
2017-03-03,8.24,8.28,8.22,8.22
2017-03-06,8.29,8.29,8.19,8.2
2017-03-07,8.21,8.24,8.13,8.15
2017-03-09,8.15,8.28,8.15,8.16
2017-03-10,8.16,8.21,8.11,8.13
2017-03-13,8.13,8.21,8.09,8.09
2017-03-14,8.08,8.12,8.08,8.11
2017-03-15,8.11,8.13,8.04,8.08
2017-03-16,8.08,8.1,7.98,7.98
2017-03-17,7.98,8.04,7.94,8
2017-03-20,7.94,7.96,7.89,7.96
2017-03-21,7.96,7.96,7.94,7.96
2017-03-22,7.96,8.05,7.96,8.04
2017-03-23,8.04,8.04,7.99,7.99
2017-03-24,7.99,8.01,7.94,7.99
2017-03-27,8.06,8.06,7.93,7.96
2017-03-28,7.96,7.98,7.93,7.94
2017-03-29,7.94,7.99,7.94,7.95
2017-03-30,7.95,7.95,7.88,7.88
2017-03-31,7.88,7.95,7.88,7.93
2017-04-03,7.93,7.95,7.92,7.94
2017-04-04,7.94,7.95,7.93,7.93
2017-04-05,7.93,7.93,7.86,7.86
2017-04-06,7.86,7.93,7.85,7.85
2017-04-07,7.91,7.95,7.85,7.91
2017-04-10,7.91,7.99,7.91,7.95
2017-04-11,7.95,8.01,7.92,7.99
2017-04-12,7.99,8.07,7.98,8.01
2017-04-13,8.01,8.06,7.95,7.95
2017-04-14,7.95,7.97,7.94,7.94
2017-04-17,7.93,7.96,7.93,7.93
2017-04-18,7.96,7.96,7.92,7.96
2017-04-19,7.95,7.96,7.9,7.92
2017-04-20,7.92,7.95,7.81,7.83
2017-04-21,7.83,7.83,7.71,7.75
2017-04-24,7.73,7.73,7.65,7.67
2017-04-25,7.67,7.79,7.67,7.75
2017-04-26,7.75,7.78,7.7,7.74
2017-04-27,7.74,7.79,7.74,7.74
2017-04-28,7.74,7.74,7.59,7.61
2017-05-02,7.63,7.63,7.56,7.56
2017-05-03,7.56,7.62,7.56,7.59
2017-05-04,7.59,7.69,7.59,7.68
2017-05-05,7.68,7.8,7.68,7.73
2017-05-10,7.73,7.73,7.65,7.65
2017-05-11,7.65,7.66,7.59,7.61
2017-05-12,7.61,7.63,7.55,7.59
2017-05-15,7.59,7.59,7.5,7.53
2017-05-16,7.53,7.57,7.52,7.55
2017-05-17,7.55,7.63,7.55,7.6
2017-05-18,7.6,7.7,7.58,7.59
2017-05-19,7.59,7.59,7.5,7.5
2017-05-22,7.54,7.54,7.46,7.48
2017-05-23,7.48,7.51,7.48,7.48
2017-05-24,7.48,7.57,7.47,7.55
2017-05-25,7.54,7.58,7.51,7.57
2017-05-26,7.58,7.63,7.57,7.62
2017-05-29,7.6,7.62,7.57,7.59
2017-05-30,7.59,7.67,7.59,7.64
2017-05-31,7.64,7.65,7.6,7.64
2017-06-01,7.64,7.64,7.54,7.55
2017-06-02,7.55,7.64,7.53,7.57
2017-06-05,7.6,7.63,7.53,7.63
2017-06-06,7.63,7.64,7.59,7.64
2017-06-07,7.64,7.64,7.58,7.6
2017-06-08,7.6,7.63,7.58,7.61
2017-06-09,7.61,7.62,7.57,7.59
2017-06-13,7.62,7.62,7.55,7.58
2017-06-14,7.58,7.61,7.55,7.61
2017-06-15,7.61,7.72,7.61,7.7
2017-06-16,7.7,7.84,7.66,7.83
2017-06-19,7.83,7.9,7.83,7.86
2017-06-20,7.86,7.91,7.79,7.85
2017-06-21,7.85,7.89,7.78,7.8
2017-06-22,7.8,7.86,7.75,7.8
2017-06-23,7.8,7.8,7.66,7.69
2017-06-26,7.68,7.68,7.59,7.68
2017-06-27,7.68,7.71,7.62,7.67
2017-06-28,7.67,7.76,7.67,7.68
2017-06-29,7.68,7.72,7.64,7.72
2017-06-30,7.72,7.74,7.69,7.69
2017-07-03,7.7,7.71,7.65,7.7
2017-07-04,7.7,7.73,7.65,7.7
2017-07-05,7.7,7.82,7.7,7.79
2017-07-06,7.83,7.85,7.8,7.85
2017-07-07,7.85,7.92,7.85,7.89
2017-07-10,7.92,7.92,7.83,7.85
2017-07-11,7.85,7.92,7.85,7.9
2017-07-12,7.9,7.92,7.81,7.84
2017-07-13,7.84,7.84,7.78,7.79
2017-07-14,7.79,7.83,7.74,7.75
2017-07-17,7.75,7.77,7.74,7.76
2017-07-18,7.77,7.78,7.75,7.78
2017-07-19,7.78,7.82,7.77,7.79
2017-07-20,7.79,7.83,7.75,7.76
2017-07-21,7.76,7.81,7.7,7.79
2017-07-24,7.8,7.91,7.8,7.89
2017-07-25,7.89,7.97,7.87,7.91
2017-07-26,7.91,7.91,7.85,7.86
2017-07-27,7.86,7.86,7.76,7.78
2017-07-28,7.78,7.82,7.77,7.79
2017-07-31,7.8,7.88,7.8,7.82
2017-08-01,7.82,7.86,7.8,7.86
2017-08-02,7.86,7.88,7.83,7.86
2017-08-03,7.86,7.87,7.76,7.8
2017-08-04,7.8,7.81,7.69,7.7
2017-08-07,7.72,7.73,7.7,7.73
2017-08-08,7.73,7.79,7.72,7.77
2017-08-09,7.77,7.8,7.74,7.78
2017-08-10,7.72,7.77,7.72,7.77
2017-08-11,7.74,7.81,7.73,7.76
2017-08-14,7.76,7.76,7.72,7.73
2017-08-15,7.73,7.81,7.72,7.79
2017-08-16,7.79,7.81,7.76,7.78
2017-08-17,7.78,7.8,7.77,7.78
2017-08-18,7.78,7.8,7.76,7.79
2017-08-21,7.79,7.81,7.77,7.8
2017-08-22,7.8,7.82,7.78,7.8
2017-08-23,7.8,7.82,7.77,7.79
2017-08-24,7.79,7.85,7.77,7.79
2017-08-25,7.79,7.8,7.78,7.79
2017-08-28,7.79,7.81,7.78,7.8
2017-08-29,7.8,7.86,7.79,7.85
2017-08-30,7.83,7.84,7.8,7.8
2017-08-31,7.8,7.84,7.72,7.74
2017-09-01,7.74,7.77,7.67,7.68
2017-09-04,7.71,7.71,7.68,7.69
2017-09-05,7.69,7.71,7.57,7.58
2017-09-06,7.58,7.61,7.52,7.54
2017-09-07,7.54,7.55,7.5,7.52
2017-09-08,7.52,7.54,7.49,7.53
2017-09-11,7.53,7.56,7.52,7.52
2017-09-12,7.54,7.58,7.53,7.57
2017-09-13,7.57,7.58,7.55,7.56
2017-09-14,7.56,7.57,7.53,7.57
2017-09-15,7.57,7.59,7.52,7.54
2017-09-18,7.6,7.6,7.54,7.58
2017-09-19,7.58,7.61,7.55,7.57
2017-09-20,7.57,7.6,7.53,7.55
2017-09-21,7.59,7.59,7.58,7.59
2017-09-22,7.59,7.59,7.57,7.57
2017-09-25,7.57,7.61,7.57,7.6
2017-09-26,7.6,7.63,7.58,7.63
2017-09-27,7.63,7.71,7.63,7.67
2017-09-28,7.67,7.7,7.6,7.6
2017-09-29,7.6,7.64,7.54,7.57
2017-10-02,7.58,7.65,7.55,7.61
2017-10-03,7.61,7.66,7.6,7.62
2017-10-04,7.62,7.65,7.57,7.59
2017-10-05,7.59,7.62,7.56,7.57
2017-10-06,7.57,7.61,7.55,7.6
2017-10-09,7.61,7.64,7.54,7.62
2017-10-10,7.62,7.65,7.58,7.59
2017-10-11,7.59,7.65,7.53,7.54
2017-10-12,7.54,7.56,7.5,7.53
2017-10-13,7.54,7.56,7.47,7.49
2017-10-16,7.49,7.53,7.46,7.52
2017-10-17,7.52,7.6,7.5,7.55
2017-10-18,7.55,7.61,7.49,7.52
2017-10-19,7.53,7.54,7.52,7.53
2017-10-20,7.51,7.56,7.48,7.55
2017-10-23,7.56,7.6,7.52,7.55
2017-10-24,7.54,7.6,7.52,7.56
2017-10-25,7.56,7.58,7.53,7.58
2017-10-26,7.57,7.6,7.55,7.57
2017-10-27,7.57,7.61,7.55,7.6
2017-10-30,7.61,7.61,7.54,7.59
2017-10-31,7.58,7.62,7.58,7.62
2017-11-01,7.62,7.62,7.57,7.62
2017-11-02,7.61,7.62,7.57,7.6
2017-11-03,7.59,7.64,7.58,7.63
2017-11-07,7.64,7.64,7.59,7.62
2017-11-08,7.62,7.67,7.61,7.65
2017-11-09,7.65,7.67,7.62,7.65
2017-11-10,7.64,7.66,7.61,7.65
2017-11-13,7.65,7.72,7.63,7.71
2017-11-14,7.71,7.76,7.69,7.75
2017-11-15,7.75,7.76,7.71,7.71
2017-11-16,7.71,7.72,7.67,7.67
2017-11-17,7.67,7.73,7.65,7.67
2017-11-20,7.7,7.7,7.66,7.7
2017-11-21,7.68,7.72,7.68,7.7
2017-11-22,7.7,7.72,7.64,7.66
2017-11-23,7.66,7.68,7.63,7.64
2017-11-24,7.64,7.68,7.62,7.66
2017-11-27,7.67,7.67,7.61,7.65
2017-11-28,7.65,7.7,7.63,7.63
2017-11-29,7.63,7.66,7.6,7.65
2017-11-30,7.65,7.7,7.61,7.61
2017-12-01,7.61,7.65,7.6,7.61
2017-12-04,7.61,7.68,7.61,7.64
2017-12-05,7.65,7.65,7.6,7.6
2017-12-06,7.6,7.63,7.6,7.61
2017-12-07,7.61,7.65,7.6,7.62
2017-12-08,7.62,7.63,7.59,7.6
2017-12-11,7.6,7.62,7.59,7.6
2017-12-12,7.6,7.65,7.58,7.62
2017-12-13,7.62,7.65,7.62,7.62
2017-12-14,7.62,7.63,7.59,7.62
2017-12-15,7.62,7.64,7.56,7.59
2017-12-18,7.59,7.6,7.57,7.58
2017-12-19,7.58,7.61,7.57,7.59
2017-12-20,7.59,7.59,7.53,7.56
2017-12-21,7.56,7.61,7.54,7.56
2017-12-22,7.56,7.59,7.54,7.56
2017-12-25,7.58,7.58,7.57,7.58
2017-12-26,7.57,7.59,7.56,7.59
2017-12-27,7.59,7.59,7.53,7.59
2017-12-28,7.59,7.63,7.55,7.59
2017-12-29,7.6,7.6,7.55,7.59
2018-01-03,7.6,7.6,7.55,7.56
2018-01-04,7.56,7.6,7.47,7.48
2018-01-05,7.5,7.53,7.5,7.51
2018-01-09,7.54,7.59,7.44,7.47
2018-01-10,7.47,7.5,7.43,7.5
2018-01-11,7.52,7.52,7.47,7.48
2018-01-12,7.48,7.49,7.42,7.43
2018-01-15,7.46,7.46,7.38,7.41
2018-01-16,7.41,7.44,7.4,7.43
2018-01-17,7.43,7.47,7.42,7.42
2018-01-18,7.42,7.45,7.41,7.42
2018-01-19,7.42,7.45,7.39,7.42
2018-01-22,7.43,7.43,7.41,7.43
2018-01-23,7.43,7.46,7.41,7.44
2018-01-24,7.44,7.47,7.37,7.38
2018-01-25,7.38,7.4,7.35,7.4
2018-01-26,7.4,7.43,7.37,7.42
2018-01-29,7.42,7.44,7.4,7.42
2018-01-30,7.42,7.47,7.3,7.32
2018-01-31,7.32,7.34,7.23,7.23
2018-02-01,7.23,7.26,7.2,7.22
2018-02-02,7.22,7.25,7.17,7.2
2018-02-05,7.2,7.23,7.18,7.2
2018-02-06,7.2,7.24,7.19,7.2
2018-02-07,7.24,7.24,7.12,7.14
2018-02-08,7.14,7.18,7.14,7.15
2018-02-09,7.15,7.21,7.14,7.16
2018-02-12,7.17,7.17,7.13,7.14
2018-02-13,7.13,7.15,7.13,7.15
2018-02-14,7.15,7.15,7.12,7.14
2018-02-15,7.14,7.14,7.11,7.11
2018-02-16,7.11,7.11,7.02,7.04
2018-02-19,7.04,7.05,7.04,7.05
2018-02-20,7.09,7.1,7.07,7.09
2018-02-21,7.09,7.12,7.03,7.04
2018-02-22,7.04,7.07,7.04,7.05
2018-02-26,7.08,7.08,6.97,7.01
2018-02-27,7.01,7.03,6.98,7.03
2018-02-28,7.03,7.05,7.01,7.02
2018-03-01,7.03,7.06,7.01,7.06
2018-03-02,7.06,7.08,7.05,7.08
2018-03-05,7.1,7.1,7.05,7.06
2018-03-06,7.1,7.1,7.03,7.05
2018-03-07,7.05,7.05,7.03,7.05
2018-03-09,7.07,7.07,7,7.03
2018-03-12,7.03,7.08,7.03,7.03
2018-03-13,7.03,7.08,7.02,7.04
2018-03-14,7.04,7.1,7.04,7.06
2018-03-15,7.08,7.14,7.05,7.11
2018-03-16,7.11,7.13,7.08,7.09
2018-03-19,7.1,7.14,7.08,7.1
2018-03-20,7.09,7.14,7.05,7.05
2018-03-21,7.05,7.08,7.03,7.03
2018-03-22,7.03,7.06,6.98,7
2018-03-23,7,7.04,6.98,7
2018-03-26,7.02,7.09,6.99,7.05
2018-03-27,7.04,7.11,7.04,7.08
2018-03-28,7.07,7.11,7.05,7.07
2018-03-29,7.07,7.11,7.04,7.05
2018-03-30,7.05,7.08,7.04,7.05
2018-04-02,7.05,7.08,7.04,7.05
2018-04-03,7.05,7.1,7.04,7.05
2018-04-04,7.07,7.09,7.03,7.04
2018-04-05,7.05,7.08,7.03,7.05
2018-04-06,7.05,7.1,7.05,7.07
2018-04-09,7.07,7.33,7.06,7.3
2018-04-10,7.31,7.62,7.29,7.61
2018-04-11,7.6,7.73,7.52,7.53
2018-04-12,7.53,7.61,7.32,7.43
2018-04-13,7.43,7.54,7.37,7.51
2018-04-16,7.51,7.58,7.47,7.5
2018-04-17,7.49,7.52,7.4,7.42
2018-04-18,7.42,7.46,7.36,7.38
2018-04-19,7.38,7.4,7.28,7.28
2018-04-20,7.28,7.34,7.25,7.28
2018-04-23,7.3,7.36,7.28,7.34
2018-04-24,7.34,7.35,7.22,7.24
2018-04-25,7.25,7.32,7.23,7.28
2018-04-26,7.28,7.38,7.27,7.31
2018-04-27,7.31,7.34,7.26,7.27
2018-04-30,7.27,7.31,7.23,7.25
2018-05-02,7.25,7.29,7.21,7.27
2018-05-03,7.26,7.36,7.26,7.35
2018-05-04,7.35,7.37,7.31,7.34
2018-05-07,7.34,7.35,7.31,7.32
2018-05-08,7.32,7.42,7.29,7.4
2018-05-09,7.4,7.42,7.38,7.38
2018-05-10,7.38,7.42,7.34,7.35
2018-05-11,7.35,7.38,7.29,7.31
2018-05-14,7.32,7.36,7.31,7.32
2018-05-15,7.32,7.37,7.31,7.36
2018-05-16,7.36,7.37,7.34,7.36
2018-05-17,7.36,7.37,7.33,7.34
2018-05-18,7.34,7.38,7.32,7.37
2018-05-21,7.37,7.38,7.35,7.37
2018-05-22,7.4,7.4,7.33,7.34
2018-05-23,7.34,7.37,7.28,7.32
2018-05-24,7.32,7.32,7.25,7.28
2018-05-25,7.28,7.32,7.28,7.31
2018-05-28,7.33,7.33,7.29,7.31
2018-05-29,7.31,7.35,7.31,7.34
2018-05-30,7.34,7.34,7.31,7.34
2018-05-31,7.34,7.37,7.32,7.36
2018-06-01,7.34,7.36,7.33,7.35
2018-06-04,7.35,7.35,7.3,7.32
2018-06-05,7.34,7.37,7.32,7.37
2018-06-06,7.38,7.39,7.35,7.39
2018-06-07,7.38,7.46,7.36,7.44
2018-06-08,7.45,7.54,7.44,7.51
2018-06-11,7.53,7.53,7.48,7.51
2018-06-13,7.53,7.58,7.52,7.58
2018-06-14,7.58,7.58,7.53,7.55
2018-06-15,7.56,7.75,7.54,7.75
2018-06-18,7.74,7.87,7.72,7.87
2018-06-19,7.93,7.97,7.85,7.86
2018-06-20,7.85,7.85,7.69,7.74
2018-06-21,7.73,7.76,7.66,7.68
2018-06-22,7.68,7.75,7.66,7.67
2018-06-25,7.73,7.73,7.63,7.66
2018-06-26,7.67,7.77,7.63,7.76
2018-06-27,7.78,7.81,7.71,7.76
2018-06-28,7.78,7.81,7.73,7.73
2018-06-29,7.73,7.73,7.67,7.7
2018-07-02,7.71,7.73,7.66,7.7
2018-07-03,7.71,7.73,7.7,7.72
2018-07-04,7.71,7.75,7.68,7.71
2018-07-05,7.73,7.73,7.67,7.67
2018-07-06,7.7,7.7,7.64,7.67
2018-07-09,7.68,7.68,7.59,7.59
2018-07-10,7.64,7.64,7.57,7.58
2018-07-11,7.64,7.64,7.52,7.56
2018-07-12,7.61,7.61,7.51,7.53
2018-07-13,7.54,7.54,7.5,7.51
2018-07-16,7.54,7.55,7.5,7.55
2018-07-17,7.56,7.65,7.56,7.62
2018-07-18,7.63,7.68,7.63,7.68
2018-07-19,7.68,7.73,7.68,7.72
2018-07-20,7.72,7.75,7.7,7.71
2018-07-23,7.72,7.72,7.69,7.71
2018-07-24,7.74,7.75,7.67,7.72
2018-07-25,7.76,7.77,7.74,7.76
2018-07-26,7.77,7.79,7.73,7.76
2018-07-27,7.79,7.79,7.75,7.77
2018-07-30,7.79,7.8,7.74,7.74
2018-07-31,7.74,7.77,7.69,7.69
2018-08-01,7.73,7.73,7.69,7.73
2018-08-02,7.76,7.85,7.7,7.84
2018-08-03,7.86,7.88,7.8,7.84
2018-08-06,7.86,7.94,7.85,7.92
2018-08-07,7.92,7.93,7.85,7.88
2018-08-08,7.9,8.13,7.9,8.08
2018-08-09,8.11,8.32,8.11,8.25
2018-08-10,8.29,8.32,8.22,8.31
2018-08-13,8.32,8.46,8.32,8.46
2018-08-14,8.37,8.42,8.31,8.39
2018-08-15,8.37,8.49,8.36,8.49
2018-08-16,8.51,8.59,8.44,8.53
2018-08-17,8.58,8.72,8.5,8.69
2018-08-20,8.63,8.72,8.6,8.7
2018-08-21,8.7,8.7,8.57,8.6
2018-08-22,8.64,8.64,8.54,8.62
2018-08-23,8.62,8.71,8.6,8.67
2018-08-24,8.68,8.69,8.6,8.65
2018-08-27,8.64,8.69,8.61,8.66
2018-08-28,8.66,8.67,8.6,8.66
2018-08-29,8.69,8.71,8.64,8.69
2018-08-30,8.69,8.74,8.66,8.74
2018-08-31,8.75,8.75,8.68,8.74
2018-09-03,8.73,8.76,8.66,8.69
2018-09-04,8.69,8.84,8.65,8.8
2018-09-05,8.85,8.9,8.82,8.89
2018-09-06,8.9,9.15,8.89,9.15
2018-09-07,9.16,9.26,9.08,9.23
2018-09-10,9.25,9.35,9.17,9.24
2018-09-11,9.24,9.24,8.99,8.99
2018-09-12,8.88,8.89,8.82,8.87
2018-09-13,8.83,8.88,8.79,8.86
2018-09-14,8.94,8.94,8.8,8.85
2018-09-17,8.87,8.97,8.85,8.95
2018-09-18,8.85,8.92,8.81,8.86
2018-09-19,8.85,8.86,8.69,8.74
2018-09-20,8.75,8.78,8.64,8.78
2018-09-21,8.75,8.76,8.64,8.69
2018-09-24,8.59,8.63,8.56,8.61
2018-09-25,8.64,8.65,8.57,8.62
2018-09-26,8.66,8.66,8.58,8.64
2018-09-27,8.66,8.66,8.52,8.55
2018-09-28,8.57,8.61,8.46,8.57
2018-10-01,8.55,8.57,8.45,8.45
2018-10-02,8.52,8.52,8.41,8.45
2018-10-03,8.47,8.57,8.42,8.51
2018-10-04,8.56,8.73,8.51,8.7
2018-10-05,8.73,8.79,8.65,8.78
2018-10-08,8.79,8.88,8.78,8.86
2018-10-09,8.87,8.88,8.82,8.85
2018-10-10,8.87,8.87,8.76,8.85
2018-10-11,8.86,8.9,8.82,8.88
2018-10-12,8.88,8.89,8.75,8.79
2018-10-15,8.82,8.82,8.65,8.67
2018-10-16,8.67,8.68,8.55,8.56
2018-10-17,8.57,8.64,8.56,8.58
2018-10-18,8.61,8.63,8.58,8.61
2018-10-19,8.65,8.65,8.57,8.59
2018-10-22,8.59,8.61,8.49,8.49
2018-10-23,8.49,8.57,8.49,8.57
2018-10-24,8.57,8.62,8.53,8.58
2018-10-25,8.58,8.65,8.58,8.61
2018-10-26,8.65,8.66,8.58,8.62
2018-10-29,8.62,8.63,8.58,8.6
2018-10-30,8.65,8.65,8.56,8.62
2018-10-31,8.65,8.65,8.58,8.62
2018-11-01,8.64,8.64,8.59,8.63
2018-11-02,8.65,8.65,8.58,8.62
2018-11-06,8.63,8.65,8.62,8.63
2018-11-07,8.64,8.7,8.63,8.7
2018-11-08,8.72,8.83,8.71,8.82
2018-11-09,8.83,8.96,8.83,8.94
2018-11-12,8.94,8.99,8.87,8.99
2018-11-13,8.99,9.04,8.98,9.03
2018-11-14,9.04,9.06,8.67,8.67
2018-11-15,8.7,8.7,8.61,8.64
2018-11-16,8.65,8.69,8.62,8.65
2018-11-19,8.65,8.69,8.62,8.65
2018-11-20,8.65,8.78,8.65,8.73
2018-11-21,8.73,8.78,8.67,8.69
2018-11-22,8.7,8.74,8.68,8.71
2018-11-23,8.7,8.8,8.7,8.78
2018-11-26,8.84,8.93,8.78,8.9
2018-11-27,8.84,8.87,8.79,8.85
2018-11-28,8.85,8.86,8.81,8.82
2018-11-29,8.81,8.83,8.68,8.7
2018-11-30,8.71,8.76,8.69,8.69
2018-12-03,8.68,8.7,8.61,8.61
2018-12-04,8.61,8.7,8.6,8.65
2018-12-05,8.64,8.72,8.64,8.69
2018-12-06,8.7,8.76,8.67,8.75
2018-12-07,8.76,8.76,8.67,8.67
2018-12-10,8.67,8.7,8.61,8.68
2018-12-11,8.71,8.71,8.67,8.67
2018-12-12,8.67,8.73,8.66,8.68
2018-12-13,8.68,8.72,8.67,8.7
2018-12-14,8.69,8.74,8.67,8.72
2018-12-17,8.74,8.75,8.7,8.74
2018-12-18,8.76,8.81,8.75,8.78
2018-12-19,8.79,8.83,8.78,8.78
2018-12-20,8.79,8.8,8.68,8.75
2018-12-21,8.76,8.78,8.71,8.76
2018-12-24,8.78,8.83,8.72,8.73
2018-12-25,8.76,8.82,8.74,8.78
2018-12-26,8.78,8.8,8.74,8.78
2018-12-27,8.73,8.78,8.68,8.7
2018-12-28,8.7,8.74,8.69,8.71
2019-01-03,8.69,8.71,8.66,8.68
2019-01-04,8.68,8.7,8.65,8.66
2019-01-08,8.66,8.68,8.59,8.65
2019-01-09,8.66,8.67,8.44,8.44
2019-01-10,8.45,8.48,8.4,8.41
2019-01-11,8.41,8.41,8.33,8.37
2019-01-14,8.41,8.41,8.34,8.34
2019-01-15,8.36,8.4,8.26,8.27
2019-01-16,8.26,8.3,8.23,8.23
2019-01-17,8.23,8.32,8.23,8.3
2019-01-18,8.3,8.3,8.25,8.26
2019-01-21,8.3,8.3,8.24,8.26
2019-01-22,8.25,8.31,8.25,8.28
2019-01-23,8.28,8.33,8.25,8.29
2019-01-24,8.28,8.29,8.23,8.24
2019-01-25,8.24,8.3,8.24,8.29
2019-01-28,8.29,8.32,8.25,8.3
2019-01-29,8.3,8.37,8.3,8.32
2019-01-30,8.32,8.33,8.28,8.28
2019-01-31,8.28,8.28,8.09,8.12
2019-02-01,8.12,8.16,8.11,8.13
2019-02-04,8.13,8.18,8.12,8.13
2019-02-05,8.13,8.16,8.08,8.1
2019-02-06,8.1,8.14,8.07,8.12
2019-02-07,8.14,8.17,8.12,8.14
2019-02-08,8.14,8.21,8.13,8.14
2019-02-11,8.14,8.21,8.09,8.19
2019-02-12,8.19,8.25,8.16,8.19
2019-02-13,8.19,8.28,8.19,8.24
2019-02-14,8.5,8.5,8.33,8.38
2019-02-15,8.31,8.32,8.25,8.28
2019-02-18,8.28,8.32,8.26,8.28
2019-02-19,8.31,8.36,8.27,8.33
2019-02-20,8.32,8.34,8.31,8.32
2019-02-21,8.47,8.54,8.41,8.44
2019-02-22,8.49,8.49,8.39,8.43
2019-02-25,8.48,8.54,8.36,8.4
2019-02-26,8.54,8.54,8.4,8.42
2019-02-27,8.43,8.48,8.42,8.47
2019-02-28,8.51,8.61,8.42,8.42
2019-03-01,8.49,8.49,8.4,8.42
2019-03-04,8.43,8.43,8.39,8.42
2019-03-05,8.44,8.45,8.43,8.45
2019-03-06,8.49,8.5,8.42,8.5
2019-03-07,8.52,8.52,8.43,8.46
2019-03-11,8.52,8.52,8.42,8.46
2019-03-12,8.5,8.5,8.45,8.47
2019-03-13,8.5,8.5,8.43,8.47
2019-03-14,8.5,8.5,8.44,8.46
2019-03-15,8.5,8.5,8.42,8.43
2019-03-18,8.47,8.47,8.29,8.31
2019-03-19,8.26,8.28,8.24,8.28
2019-03-20,8.33,8.33,8.28,8.28
2019-03-21,8.24,8.24,8.15,8.2
2019-03-22,8.18,8.31,8.18,8.31
2019-03-25,8.31,8.33,8.21,8.22
2019-03-26,8.22,8.26,8.22,8.25
2019-03-27,8.27,8.32,8.24,8.31
2019-03-28,8.31,8.37,8.29,8.36
2019-03-29,8.39,8.43,8.3,8.42
2019-04-01,8.43,8.44,8.37,8.42
2019-04-02,8.41,8.44,8.39,8.41
2019-04-03,8.43,8.43,8.38,8.41
2019-04-04,8.42,8.42,8.39,8.39
2019-04-05,8.43,8.43,8.34,8.35
2019-04-08,8.35,8.35,8.29,8.3
2019-04-09,8.32,8.35,8.28,8.34
2019-04-10,8.34,8.34,8.24,8.25
2019-04-11,8.26,8.27,8.21,8.23
2019-04-12,8.23,8.23,8.18,8.21
2019-04-15,8.21,8.26,8.2,8.24
2019-04-16,8.27,8.27,8.22,8.25
2019-04-17,8.28,8.28,8.17,8.24
2019-04-18,8.23,8.26,8.2,8.24
2019-04-19,8.28,8.28,8.23,8.24
2019-04-22,8.28,8.28,8.23,8.25
2019-04-23,8.25,8.31,8.25,8.28
2019-04-24,8.29,8.3,8.24,8.28
2019-04-25,8.28,8.3,8.28,8.29
2019-04-26,8.29,8.3,8.24,8.26
2019-04-29,8.3,8.3,8.17,8.17
2019-04-30,8.2,8.25,8.12,8.14
2019-05-02,8.14,8.14,8.11,8.14
2019-05-03,8.14,8.14,8.13,8.13
2019-05-06,8.13,8.2,8.13,8.17
2019-05-07,8.18,8.19,8.15,8.15
2019-05-08,8.15,8.16,8.11,8.14
2019-05-10,8.16,8.16,8.13,8.15
2019-05-13,8.16,8.18,8.15,8.17
2019-05-14,8.19,8.19,8.16,8.16
2019-05-15,8.15,8.19,8.13,8.15
2019-05-16,8.16,8.16,8.1,8.11
2019-05-17,8.11,8.11,8.04,8.04
2019-05-20,8.04,8.06,8.01,8.01
2019-05-21,8,8.05,7.94,7.97
2019-05-22,7.97,7.98,7.87,7.89
2019-05-23,7.94,7.98,7.86,7.94
2019-05-24,7.97,7.97,7.9,7.96
2019-05-27,7.95,7.96,7.93,7.96
2019-05-28,7.97,7.99,7.92,7.93
2019-05-29,7.98,7.99,7.96,7.99
2019-05-30,7.96,7.96,7.9,7.91
2019-05-31,7.93,7.96,7.9,7.91
2019-06-03,7.89,7.96,7.89,7.94
2019-06-04,7.95,7.95,7.86,7.87
2019-06-05,7.91,7.91,7.8,7.82
2019-06-06,7.79,7.84,7.74,7.76
2019-06-07,7.72,7.79,7.7,7.74
2019-06-10,7.74,7.74,7.69,7.69
2019-06-11,7.73,7.73,7.66,7.69
2019-06-13,7.68,7.71,7.68,7.7
2019-06-14,7.71,7.71,7.64,7.66
2019-06-17,7.64,7.68,7.61,7.62
2019-06-18,7.67,7.67,7.54,7.56
2019-06-19,7.62,7.62,7.45,7.46
2019-06-20,7.46,7.46,7.31,7.39
2019-06-21,7.39,7.5,7.38,7.5
2019-06-24,7.42,7.44,7.4,7.43
2019-06-25,7.44,7.44,7.35,7.41
2019-06-26,7.47,7.47,7.42,7.44
2019-06-27,7.45,7.47,7.42,7.43
2019-06-28,7.41,7.43,7.41,7.41
2019-07-01,7.41,7.45,7.35,7.36
2019-07-02,7.36,7.41,7.35,7.41
2019-07-03,7.41,7.45,7.37,7.4
2019-07-04,7.4,7.42,7.35,7.36
2019-07-05,7.39,7.41,7.34,7.38
2019-07-08,7.38,7.38,7.36,7.38
2019-07-09,7.38,7.38,7.32,7.34
2019-07-10,7.38,7.38,7.29,7.31
2019-07-11,7.34,7.34,7.27,7.31
2019-07-12,7.31,7.38,7.31,7.36
2019-07-15,7.39,7.39,7.3,7.37
2019-07-16,7.38,7.41,7.33,7.37
2019-07-17,7.41,7.41,7.32,7.37
2019-07-18,7.39,7.4,7.37,7.4
2019-07-19,7.41,7.41,7.35,7.35
2019-07-22,7.35,7.35,7.29,7.3
2019-07-23,7.35,7.35,7.27,7.28
2019-07-24,7.28,7.31,7.23,7.27
2019-07-25,7.25,7.26,7.21,7.22
2019-07-26,7.22,7.32,7.2,7.31
2019-07-29,7.3,7.35,7.27,7.33
2019-07-30,7.35,7.35,7.31,7.35
2019-07-31,7.35,7.35,7.28,7.3
2019-08-01,7.32,7.35,7.32,7.34
2019-08-02,7.35,7.51,7.35,7.5
2019-08-05,7.5,7.5,7.37,7.39
2019-08-06,7.39,7.43,7.3,7.31
2019-08-07,7.31,7.35,7.26,7.31
2019-08-08,7.27,7.31,7.26,7.29
2019-08-09,7.29,7.33,7.29,7.3
2019-08-12,7.3,7.38,7.28,7.36
2019-08-13,7.36,7.4,7.32,7.35
2019-08-14,7.38,7.41,7.31,7.38
2019-08-15,7.39,7.42,7.36,7.37
2019-08-16,7.37,7.37,7.32,7.33
2019-08-19,7.36,7.36,7.31,7.35
2019-08-20,7.36,7.36,7.29,7.29
2019-08-21,7.29,7.29,7.19,7.23
2019-08-22,7.26,7.26,7.18,7.2
2019-08-23,7.2,7.23,7.17,7.19
2019-08-26,7.24,7.25,7.17,7.21
2019-08-27,7.25,7.25,7.18,7.24
2019-08-28,7.25,7.25,7.17,7.19
2019-08-29,7.19,7.21,7.16,7.17
2019-08-30,7.21,7.21,7.1,7.16
2019-09-02,7.16,7.16,7.05,7.09
2019-09-03,7.08,7.11,7.08,7.09
2019-09-04,7.14,7.15,7,7.02
2019-09-05,7.05,7.05,7,7.03
2019-09-06,7.03,7.07,6.96,7.04
2019-09-09,7.04,7.07,6.99,7.06
2019-09-10,7.05,7.06,7.02,7.04
2019-09-11,7.09,7.09,7.02,7.03
2019-09-12,7.04,7.09,6.99,7.01
2019-09-13,7.01,7.03,6.95,7
2019-09-16,7.02,7.02,6.97,7
2019-09-17,7,7.05,6.99,7.03
2019-09-18,7.07,7.09,7.02,7.03
2019-09-19,7.02,7.05,7,7.01
2019-09-20,7.05,7.05,6.99,7.01
2019-09-23,7.05,7.05,7,7.02
2019-09-24,7.02,7.03,7.01,7.03
2019-09-25,7.03,7.05,7.01,7.02
2019-09-26,7.01,7.02,6.99,7.02
2019-09-27,7.02,7.03,6.99,7.02
2019-09-30,7.02,7.02,7,7.02
2019-10-01,7.08,7.08,6.98,7.03
2019-10-02,7.08,7.08,7.01,7.03
2019-10-03,7.03,7.03,7.01,7.02
2019-10-04,7.03,7.03,6.93,6.94
2019-10-07,6.94,6.94,6.82,6.84
2019-10-08,6.87,6.87,6.79,6.85
2019-10-09,6.88,6.88,6.79,6.82
2019-10-10,6.84,6.84,6.68,6.72
2019-10-11,6.66,6.72,6.65,6.71
2019-10-14,6.72,6.73,6.66,6.66
2019-10-15,6.68,6.68,6.63,6.67
2019-10-16,6.7,6.7,6.64,6.665
2019-10-17,6.625,6.67,6.625,6.645
2019-10-18,6.645,6.645,6.54,6.57
2019-10-21,6.575,6.575,6.51,6.52
2019-10-22,6.485,6.525,6.47,6.48
2019-10-23,6.47,6.5,6.45,6.475
2019-10-24,6.51,6.515,6.5,6.51
2019-10-25,6.44,6.525,6.425,6.43
2019-10-28,6.43,6.46,6.37,6.39
2019-10-29,6.355,6.43,6.35,6.395
2019-10-30,6.41,6.445,6.36,6.435
2019-10-31,6.435,6.48,6.42,6.475
2019-11-01,6.495,6.495,6.365,6.395
2019-11-05,6.435,6.46,6.34,6.375
2019-11-06,6.39,6.4,6.34,6.36
2019-11-07,6.34,6.39,6.33,6.335
2019-11-08,6.355,6.41,6.31,6.41
2019-11-11,6.4,6.43,6.375,6.43
2019-11-12,6.375,6.47,6.375,6.455
2019-11-13,6.39,6.55,6.39,6.52
2019-11-14,6.46,6.55,6.46,6.48
2019-11-15,6.425,6.475,6.425,6.45
2019-11-18,6.43,6.45,6.395,6.43
2019-11-19,6.435,6.435,6.35,6.38
2019-11-20,6.405,6.41,6.36,6.36
2019-11-21,6.345,6.375,6.34,6.37
2019-11-22,6.35,6.365,6.33,6.355
2019-11-25,6.36,6.4,6.345,6.4
2019-11-26,6.37,6.38,6.35,6.355
2019-11-27,6.34,6.37,6.34,6.355
2019-11-28,6.385,6.395,6.34,6.37
2019-11-29,6.4,6.4,6.36,6.4
2019-12-02,6.435,6.445,6.42,6.43
2019-12-03,6.42,6.445,6.41,6.43
2019-12-04,6.435,6.45,6.375,6.395
2019-12-05,6.385,6.405,6.375,6.39
2019-12-06,6.41,6.425,6.375,6.4
2019-12-09,6.395,6.415,6.385,6.39
2019-12-10,6.405,6.405,6.36,6.385
2019-12-11,6.385,6.4,6.37,6.385
2019-12-12,6.395,6.395,6.345,6.345
2019-12-13,6.36,6.36,6.29,6.35
2019-12-16,6.375,6.375,6.33,6.33
2019-12-17,6.33,6.36,6.305,6.31
2019-12-18,6.305,6.335,6.305,6.325
2019-12-19,6.32,6.375,6.24,6.375
2019-12-20,6.34,6.38,6.33,6.345
2019-12-23,6.355,6.395,6.355,6.37
2019-12-24,6.355,6.355,6.335,6.335
2019-12-25,6.335,6.335,6.3,6.325
2019-12-26,6.3,6.32,6.295,6.31
2019-12-27,6.305,6.31,6.245,6.28
2019-12-30,6.275,6.285,6.22,6.225
2020-01-03,6.255,6.275,6.22,6.235
2020-01-06,6.255,6.29,6.185,6.255
2020-01-08,6.265,6.275,6.245,6.275
2020-01-09,6.295,6.295,6.185,6.245
2020-01-10,6.21,6.245,6.135,6.135
2020-01-13,6.13,6.13,6.07,6.105
2020-01-14,6.095,6.13,6.09,6.1
2020-01-15,6.175,6.375,6.175,6.225
2020-01-16,6.24,6.34,6.18,6.21
2020-01-17,6.22,6.22,6.18,6.185
2020-01-20,6.17,6.205,6.17,6.195
2020-01-21,6.19,6.24,6.185,6.205
2020-01-22,6.21,6.225,6.175,6.195
2020-01-23,6.2,6.22,6.175,6.195
2020-01-24,6.195,6.22,6.18,6.205
2020-01-27,6.2,6.265,6.2,6.265
2020-01-28,6.26,6.285,6.17,6.26
2020-01-29,6.27,6.27,6.215,6.235
2020-01-30,6.235,6.265,6.215,6.25
2020-01-31,6.25,6.27,6.205,6.27
2020-02-03,6.26,6.28,6.215,6.28
2020-02-04,6.28,6.285,6.255,6.255
2020-02-05,6.28,6.28,6.19,6.19
2020-02-06,6.11,6.22,6.11,6.215
2020-02-07,6.19,6.225,6.155,6.165
2020-02-10,6.1,6.175,6.1,6.175
2020-02-11,6.175,6.175,6.105,6.145
2020-02-12,6.09,6.14,6.09,6.095
2020-02-13,6.085,6.105,6.065,6.075
2020-02-14,6.065,6.075,6.05,6.055
2020-02-17,6.03,6.045,6.02,6.035
2020-02-18,6.01,6.065,6.01,6.05
2020-02-19,6.045,6.05,5.985,5.99
2020-02-20,5.995,5.995,5.935,5.945
2020-02-21,5.94,5.995,5.94,5.995
2020-02-25,5.98,6.075,5.98,6.075
2020-02-26,6.055,6.12,6.055,6.085
2020-02-27,6.12,6.25,6.12,6.25
2020-02-28,6.51,6.51,6.465,6.47
2020-03-02,6.445,6.445,6.41,6.41
2020-03-03,6.36,6.385,6.16,6.165
2020-03-04,6.14,6.17,6.02,6.02
2020-03-05,6.02,6.07,6.01,6.07
2020-03-06,6.41,6.45,6.41,6.435
2020-03-10,6.695,6.695,6.695,6.695
2020-03-11,6.89,7.25,6.86,7.25
2020-03-12,7.33,7.925,7.225,7.925
2020-03-13,7.925,7.925,7.695,7.8
2020-03-16,7.82,8.11,7.75,8.045
2020-03-17,8.01,8.095,7.895,8
2020-03-18,7.95,8.405,7.95,8.405
2020-03-19,8.425,8.47,8.145,8.145
2020-03-20,8,8,7.705,7.735
2020-03-23,7.85,7.895,7.585,7.585
2020-03-24,7.565,7.57,7.11,7.17
2020-03-25,7.185,7.34,7.03,7.2
2020-03-26,7.215,7.245,7.04,7.04
2020-03-27,7.04,7.04,6.92,7.03
2020-03-30,7.105,7.185,6.965,6.965
2020-03-31,6.95,6.97,6.745,6.755
2020-04-01,6.755,6.865,6.755,6.805
2020-04-02,6.805,6.95,6.76,6.875
2020-04-03,6.83,6.875,6.765,6.815
2020-04-06,6.815,6.815,6.72,6.735
2020-04-07,6.83,6.83,6.72,6.74
2020-04-08,6.74,6.77,6.74,6.745
2020-04-09,6.735,6.735,6.695,6.7
2020-04-10,6.71,6.74,6.66,6.66
2020-04-13,6.67,6.715,6.63,6.66
2020-04-14,6.685,6.705,6.65,6.69
2020-04-15,6.675,6.785,6.675,6.785
2020-04-16,6.725,6.78,6.61,6.675
2020-04-17,6.735,6.735,6.27,6.275
2020-04-20,6.265,6.31,6.165,6.18
2020-04-21,6.22,6.415,6.135,6.36
2020-04-22,6.385,6.385,6.235,6.235
2020-04-23,6.11,6.18,6.1,6.155
2020-04-24,6.125,6.175,6.04,6.075
2020-04-27,6.01,6.125,6.01,6.12
2020-04-28,6.055,6.125,6.055,6.085
2020-04-29,6.1,6.11,6.075,6.11
2020-04-30,6.09,6.12,6.07,6.105
2020-05-04,6.09,6.135,6.09,6.11
2020-05-05,6.095,6.115,6.07,6.08
2020-05-06,6.105,6.105,6.08,6.1
2020-05-07,6.09,6.125,6.07,6.125
2020-05-08,6.115,6.12,5.945,5.945
2020-05-12,5.95,5.95,5.855,5.895
2020-05-13,5.9,5.9,5.86,5.885
